Search Term,Total Unique Searches,Results Pageviews / Search,% Search Exits,% Search Refinements,Time after Search,Average Search Depth
Arboretum,87,2,64.71%: 0.00%: 25.00%: 100.00%: 0.00%: 0.00%: 0.00%: 0.00%: 0.00%: 0.00%: 0.00%: 0.00%: 0.00%: 0.00%: 100.00%: 0.00%: 100.00%: 0.00%: 0.00%: 0.00%: 0.00%: 0.00%: 100.00%: 0.00%: 0.00%: 0.00%: 0.00%: 0.00%: 0.00%: 0.00%: 0.00%,4.59%: 26.67%: 4.76%: 0.00%: 14.29%: 100.00%: 100.00%: 0.00%: 50.00%: 100.00%: 40.00%: 100.00%: 100.00%: 100.00%: 0.00%: 100.00%: 0.00%: 100.00%: 0.00%: 100.00%: 100.00%: 100.00%: 0.00%: 100.00%: 0.00%: 100.00%: 50.00%: 100.00%: 100.00%: 100.00%: 100.00%,0:02:22,1
Library,31,1,20.00%: 40.00%: 0.00%: 0.00%: 0.00%: 0.00%: 100.00%: 0.00%: 0.00%: 0.00%: 0.00%: 0.00%: 100.00%,10.42%: 29.41%: 100.00%: 100.00%: 50.00%: 20.00%: 0.00%: 100.00%: 100.00%: 100.00%: 50.00%: 100.00%: 0.00%,0:00:22,0
Mai fete,29,3,37.50%: 0.00%: 0.00%: 0.00%: 0.00%: 0.00%: 0.00%: 100.00%: 0.00%,7.79%: 35.71%: 20.00%: 33.33%: 100.00%: 7.69%: 16.67%: 0.00%: 100.00%,0:04:26,7
transcript,23,1,25.00%: 71.43%,27.50%: 5.88%,0:07:20,1
Goodhue,22,1,28.57%: 50.00%: 50.00%: 100.00%: 0.00%,12.00%: 15.79%: 20.00%: 0.00%: 100.00%,0:04:30,0
Paul Wellstone,21,2,90.91%: 40.00%: 50.00%: 0.00%: 100.00%: 100.00%,0.00%: 15.38%: 11.11%: 50.00%: 0.00%: 0.00%,0:02:20,1
Comps,20,2,58.82%: 66.67%,15.15%: 22.22%,0:01:49,0
Reunion,20,1,0.00%: 50.00%: 0.00%: 0.00%: 0.00%: 0.00%: 0.00%: 0.00%: 0.00%: 0.00%: 0.00%: 0.00%: 0.00%: 0.00%: 100.00%: 100.00%: 0.00%,100.00%: 50.00%: 100.00%: 100.00%: 100.00%: 100.00%: 100.00%: 100.00%: 100.00%: 100.00%: 100.00%: 100.00%: 100.00%: 100.00%: 0.00%: 0.00%: 100.00%,0:00:18,0
Goodsell,18,1,22.22%: 25.00%: 0.00%: 0.00%,6.38%: 7.69%: 22.22%: 11.11%,0:04:12,1
Class of ----,17,2,50.00%: 0.00%: 0.00%: 0.00%: 0.00%: 0.00%: 100.00%: 0.00%: 0.00%: 100.00%: 0.00%: 0.00%: 0.00%: 100.00%: 0.00%: 0.00%,33.33%: 100.00%: 33.33%: 100.00%: 33.33%: 50.00%: 0.00%: 100.00%: 33.33%: 0.00%: 100.00%: 100.00%: 100.00%: 50.00%: 100.00%: 100.00%,0:02:20,0
Gridley,17,6,0.00%: 25.00%: 50.00%: 0.00%: 0.00%: 0.00%,5.56%: 17.65%: 2.22%: 3.33%: 100.00%: 50.00%,0:06:35,9
women's cabin,17,1,85.71%: 0.00%: 0.00%: 0.00%,0.00%: 50.00%: 100.00%: 100.00%,0:02:39,2
Carletonian,16,1,50.00%: 0.00%: 0.00%: 100.00%: 100.00%: 100.00%: 0.00%,18.18%: 100.00%: 100.00%: 0.00%: 0.00%: 0.00%: 100.00%,0:00:11,0
computer,16,1,11.11%: 60.00%: 0.00%: 0.00%,16.07%: 0.00%: 100.00%: 50.00%,0:05:39,1
Women's League Cabin,15,2,33.33%: 33.33%: 100.00%: 0.00%: 0.00%: 0.00%: 0.00%,5.26%: 11.11%: 0.00%: 50.00%: 50.00%: 50.00%: 100.00%,0:02:34,1
Lyman Lakes,15,2,62.50%: 25.00%: 0.00%: 0.00%,0.00%: 16.67%: 0.00%: 100.00%,0:01:30,1
Seccombe House,15,1,0.00%: 25.00%: 0.00%: 0.00%: 0.00%: 0.00%: 0.00%,12.50%: 9.52%: 7.41%: 50.00%: 100.00%: 100.00%: 100.00%,0:05:26,4
Wayne Carver,15,2,36.36%: 66.67%: 100.00%,10.26%: 6.25%: 0.00%,0:03:34,1
Burton,14,2,33.33%: 0.00%: 0.00%: 0.00%: 0.00%: 0.00%,33.33%: 9.09%: 16.67%: 20.00%: 66.67%: 33.33%,0:05:23,1
Theater,14,1,40.00%: 25.00%: 0.00%: 50.00%,6.45%: 9.09%: 42.86%: 0.00%,0:12:25,3
Sayles-Hill,14,6,16.67%: 50.00%: 0.00%: 50.00%: 0.00%: 0.00%,2.86%: 16.67%: 33.33%: 0.00%: 9.52%: 25.00%,0:02:41,4
Catalogue,14,2,62.50%: 50.00%: 100.00%: 0.00%: 100.00%,22.22%: 0.00%: 0.00%: 20.00%: 0.00%,0:01:29,0
campus,14,2,0.00%: 33.33%: 50.00%: 0.00%: 0.00%: 0.00%: 0.00%,40.00%: 33.33%: 0.00%: 100.00%: 25.00%: 100.00%: 100.00%,0:01:18,0
Laird,13,3,41.67%: 0.00%,6.67%: 50.00%,0:02:07,0
Farm,13,6,25.00%: 0.00%,16.67%: 22.22%,0:02:23,5
Schiller,12,3,22.22%: 0.00%: 100.00%,16.00%: 5.56%: 0.00%,0:05:28,0
Deane barbour,12,1,100.00%: 75.00%,0.00%: 0.00%,0:00:23,0
Algol,12,1,20.00%: 0.00%: 0.00%: 0.00%: 0.00%: 0.00%: 0.00%: 0.00%,33.33%: 50.00%: 33.33%: 100.00%: 0.00%: 100.00%: 100.00%: 0.00%,0:01:34,0
observatory,12,2,0.00%: 0.00%: 0.00%: 0.00%,33.33%: 18.75%: 50.00%: 100.00%,0:05:28,1
play,12,7,14.29%: 0.00%,8.79%: 23.81%,0:10:33,2
Druids,12,1,25.00%: 66.67%: 33.33%: 0.00%: 0.00%,22.22%: 8.33%: 18.75%: 100.00%: 100.00%,0:04:20,1
Willis,12,11,50.00%: 100.00%,1.00%: 0.00%,0:04:23,4
Opening convocation,11,1,33.33%: 0.00%: 0.00%: 0.00%: 100.00%: 0.00%: 0.00%: 0.00%,28.57%: 100.00%: 100.00%: 50.00%: 0.00%: 33.33%: 100.00%: 100.00%,0:01:19,0
exhibitions,11,2,20.00%: 0.00%: 0.00%: 0.00%,26.67%: 75.00%: 50.00%: 50.00%,0:02:20,0
harden,11,1.18,100.00%,0.00%,0:00:05,0
willis Hall,11,2,40.00%: 100.00%: 0.00%: 0.00%: 0.00%: 0.00%: 100.00%,20.00%: 0.00%: 0.00%: 100.00%: 16.67%: 100.00%: 0.00%,0:07:27,2
New Student Week,11,1,14.29%: 100.00%: 100.00%,25.00%: 11.11%: 0.00%,0:02:33,0
learning and teaching center,11,1,25.00%: 66.67%: 50.00%: 0.00%: 0.00%,14.29%: 15.00%: 50.00%: 100.00%: 100.00%,0:05:25,0
Chapel,10,1,0.00%: 33.33%: 100.00%,46.15%: 7.69%: 0.00%,0:05:50,1
computer science,10,1,33.33%: 0.00%,21.74%: 100.00%,0:00:20,0
dining,10,3,12.50%: 0.00%: 0.00%,12.50%: 66.67%: 100.00%,0:06:37,4
Bardwell Smith,10,2,0.00%: 0.00%: 100.00%: 0.00%: 0.00%,27.78%: 33.33%: 0.00%: 100.00%: 50.00%,0:02:27,0
musser,10,1,42.86%: 0.00%: 0.00%,7.55%: 27.27%: 100.00%,0:04:18,0
japan american,10,2,0.00%: 50.00%: 0.00%: 0.00%: 0.00%: 0.00%: 100.00%,36.36%: 10.00%: 66.67%: 100.00%: 100.00%: 100.00%: 0.00%,0:05:33,0
Scrapbooks,10,2,75.00%: 75.00%: 0.00%: 100.00%,2.70%: 8.33%: 100.00%: 0.00%,0:02:22,0
grandstand,10,1,0.00%: 0.00%: 50.00%: 0.00%,45.45%: 20.00%: 50.00%: 100.00%,0:00:24,0
Scoville,10,6,37.50%: 50.00%,10.34%: 4.55%,0:07:34,6
bridge,9,5.89,33.33%,13.21%,0:09:18,5.44
news,9,1,0.00%: 50.00%: 100.00%: 0.00%: 100.00%,100.00%: 33.33%: 0.00%: 100.00%: 0.00%,0:00:23,0
voice,9,1,75.00%: 0.00%,15.38%: 100.00%,0:02:52,0
Chaplaincy,9,2,33.33%: 0.00%: 0.00%: 0.00%: 100.00%: 0.00%,30.00%: 5.26%: 25.00%: 50.00%: 0.00%: 100.00%,0:10:33,0
annual report,9,2,0.00%: 0.00%: 0.00%: 100.00%,36.36%: 50.00%: 25.00%: 0.00%,0:03:26,0
Skinner,9,1,33.33%: 33.33%,26.67%: 33.33%,0:01:11,0
Dacie Moses,9,1,33.33%: 0.00%,33.33%: 25.00%,0:03:50,2
Watson,9,2,0.00%: 0.00%: 0.00%: 0.00%: 0.00%,28.57%: 16.67%: 25.00%: 100.00%: 33.33%,0:01:39,0
zoobook,9,7,57.14%: 0.00%: 100.00%,18.18%: 4.76%: 0.00%,0:01:20,0
course catalogue,9,3,87.50%: 0.00%,4.17%: 0.00%,0:01:10,1
publications,9,2,12.50%: 100.00%,13.33%: 0.00%,0:01:26,0
Headley,9,1,0.00%: 50.00%: 0.00%: 50.00%: 0.00%,28.57%: 14.29%: 33.33%: 0.00%: 33.33%,0:01:37,1
Nordic,8,1,0.00%: 0.00%,14.29%: 16.67%,0:00:43,1
Ebony,8,1,50.00%: 50.00%,0.00%: 3.23%,0:11:15,1
architecture,8,1,0.00%: 0.00%: 0.00%: 0.00%: 100.00%: 100.00%: 100.00%: 0.00%,100.00%: 50.00%: 50.00%: 50.00%: 0.00%: 0.00%: 0.00%: 100.00%,0:00:14,0
Honors,8,1,60.00%: 100.00%: 100.00%,18.75%: 0.00%: 0.00%,0:02:19,0
erling larsen,8,1.62,25.00%,30.77%,0:10:03,2
Laird Stadium,8,1,14.29%: 0.00%,10.00%: 50.00%,0:03:27,1
Cowling,8,2,0.00%: 50.00%: 0.00%: 100.00%: 0.00%: 100.00%,28.57%: 20.00%: 50.00%: 0.00%: 10.00%: 0.00%,0:13:28,2
keith williams,8,1,0.00%: 0.00%: 0.00%: 0.00%,23.53%: 25.00%: 100.00%: 100.00%,0:01:27,1
Boliou,7,1,0.00%: 0.00%: 0.00%: 0.00%: 0.00%,44.44%: 33.33%: 100.00%: 0.00%: 25.00%,0:05:34,1
homecoming,7,6,16.67%: 100.00%,7.14%: 0.00%,0:03:41,0
Faculty Club,7,2,66.67%: 0.00%,11.11%: 100.00%,0:03:36,0
CLAP,7,1,50.00%: 100.00%,23.08%: 0.00%,0:00:14,0
reed whittemore,7,1,20.00%: 0.00%: 100.00%,57.14%: 100.00%: 0.00%,0:01:20,2
Weitz,7,2,33.33%: 66.67%: 0.00%,33.33%: 8.33%: 100.00%,0:00:20,0
Nason,7,2,60.00%: 50.00%,16.67%: 16.67%,0:01:37,2
Commencement,7,1,0.00%: 0.00%: 0.00%: 100.00%: 0.00%,0.00%: 100.00%: 33.33%: 0.00%: 100.00%,0:07:21,0
oral history,7,1,16.67%: 0.00%,15.79%: 100.00%,0:04:30,0
West Gym,7,3,33.33%: 0.00%,8.33%: 33.33%,0:05:23,2
phi beta kappa,7,1,0.00%: 100.00%,19.05%: 0.00%,0:07:10,0
Music Hall,7,2,50.00%: 100.00%: 0.00%,8.00%: 0.00%: 0.00%,0:03:29,2
wrestling,7,2,33.33%: 0.00%: 0.00%: 0.00%,20.00%: 50.00%: 100.00%: 100.00%,0:01:19,0
Sivaslian,7,1,33.33%: 0.00%: 0.00%: 0.00%,4.55%: 40.00%: 100.00%: 100.00%,0:07:30,0
music,6,2,0.00%: 0.00%: 0.00%: 0.00%: 0.00%,14.29%: 25.00%: 100.00%: 50.00%: 50.00%,0:01:20,0
Veblen,6,2,25.00%: 0.00%: 100.00%,10.00%: 100.00%: 0.00%,0:01:22,0
tunnels,6,1,25.00%: 0.00%,5.88%: 22.22%,0:09:26,5
margaret thompson,6,2,0.00%: 0.00%: 0.00%: 0.00%,10.00%: 40.00%: 100.00%: 100.00%,0:04:36,0
Laird Hall,6,6,20.00%: 0.00%,12.00%: 0.00%,0:07:22,8
Hughes family,6,1,20.00%: 100.00%,35.71%: 0.00%,0:02:23,0
radical research,6,2,83.33%,8.33%,0:00:39,0
Rugby,6,1,25.00%: 50.00%,13.33%: 9.09%,0:02:38,4
calendar,6,2,50.00%: 0.00%: 100.00%,28.57%: 100.00%: 0.00%,0:01:23,0
gender dormitories,6,1,0.00%: 0.00%: 0.00%: 0.00%: 0.00%: 0.00%,100.00%: 100.00%: 100.00%: 100.00%: 100.00%: 100.00%,0:00:10,0
treasurers reports,6,1,0.00%: 0.00%: 0.00%: 0.00%: 0.00%,100.00%: 100.00%: 50.00%: 50.00%: 100.00%,0:01:13,0
environmental studies,6,1,0.00%: 100.00%: 100.00%: 0.00%: 0.00%: 0.00%,100.00%: 0.00%: 0.00%: 50.00%: 100.00%: 100.00%,0:00:23,0
thorstein veblen,6,2,60.00%: 100.00%,0.00%: 0.00%,0:06:46,0
post card,6,5,25.00%: 100.00%: 0.00%,33.33%: 9.09%: 33.33%,0:10:43,1
eliet,6,2.33,16.67%,28.57%,0:09:36,3.17
president report,6,1,0.00%: 0.00%: 100.00%: 0.00%,25.00%: 100.00%: 0.00%: 100.00%,0:03:17,0
board of trustees,6,2,0.00%: 0.00%: 0.00%: 0.00%: 0.00%: 0.00%,0.00%: 33.33%: 100.00%: 100.00%: 50.00%: 50.00%,0:02:29,0
biology,6,2,0.00%: 0.00%: 0.00%: 100.00%: 0.00%: 0.00%,50.00%: 100.00%: 25.00%: 0.00%: 100.00%: 50.00%,0:02:30,3
swimming,6,1.83,50.00%,0.00%,0:01:44,1.67
Carleton The First Century,5,1,0.00%: 0.00%: 0.00%: 100.00%: 0.00%,100.00%: 0.00%: 100.00%: 0.00%: 100.00%,0:00:21,0
basketball,5,1,0.00%: 0.00%: 0.00%,15.00%: 100.00%: 0.00%,0:01:24,2
catherine boyd,5,1.8,40.00%,22.22%,0:04:58,3.8
lyman b. sperry,5,1.8,80.00%,0.00%,0:00:42,1.8
President,5,2,0.00%: 0.00%: 0.00%: 0.00%: 0.00%,0.00%: 25.00%: 100.00%: 0.00%: 0.00%,0:01:29,2
lonnes,5,1,50.00%: 0.00%,0.00%: 50.00%,0:12:32,0
laird field,5,5.4,20.00%,7.41%,0:01:15,3.8
cheerleading,5,7,33.33%: 0.00%: 0.00%,8.33%: 6.67%: 50.00%,0:02:27,2
KFMX,5,1,0.00%: 50.00%: 100.00%,100.00%: 20.00%: 50.00%,0:06:23,0
Faculty,5,2,0.00%: 0.00%: 0.00%: 0.00%,50.00%: 0.00%: 50.00%: 100.00%,0:00:28,1
class profile,5,1,33.33%: 0.00%,40.00%: 100.00%,0:00:26,0
departmantal reviews,5,1,0.00%: 0.00%: 0.00%: 0.00%,100.00%: 100.00%: 0.00%: 100.00%,0:01:19,0
Centennial,5,1,0.00%: 0.00%: 100.00%: 0.00%: 0.00%,100.00%: 100.00%: 0.00%: 33.33%: 100.00%,0:00:14,0
Dorms,5,2,0.00%: 0.00%,0.00%: 100.00%,0:07:32,4
Protest,5,2,50.00%: 50.00%: 0.00%,50.00%: 12.50%: 100.00%,0:00:22,0
Stork,5,2,66.67%: 100.00%: 0.00%,0.00%: 0.00%: 0.00%,0:01:35,1
building,5,1,0.00%: 100.00%: 0.00%: 0.00%: 100.00%,50.00%: 0.00%: 100.00%: 100.00%: 0.00%,0:00:10,0
soldier,5,1,0.00%: 0.00%,100.00%: 100.00%,0:00:10,0
miscellany,5,1,25.00%: 100.00%,17.65%: 0.00%,0:04:13,1
Football,5,1,50.00%: 0.00%: 100.00%,25.00%: 66.67%: 0.00%,0:00:23,0
american house,5,9,50.00%: 0.00%,5.00%: 0.00%,0:04:33,4
aerial,5,1,25.00%: 0.00%,5.88%: 100.00%,0:05:27,0
NISEI,5,1,0.00%: 0.00%: 0.00%,75.00%: 100.00%: 100.00%,0:00:26,0
Frisbee,5,3,0.00%: 0.00%,25.00%: 16.67%,0:01:17,1
autograph,5,3,100.00%: 0.00%: 0.00%: 0.00%: 0.00%,0.00%: 33.33%: 100.00%: 100.00%: 20.00%,0:06:24,0
Nourse,5,3,0.00%: 0.00%,28.57%: 16.67%,0:02:09,4
Evans Hall,5,2,75.00%: 100.00%,3.03%: 0.00%,0:02:43,1
fete poster,5,3.6,0.00%,16.67%,0:01:54,4.2
Rotblatt,5,1,33.33%: 0.00%,14.29%: 6.67%,0:03:34,4
carleton japan,5,1,75.00%: 100.00%,11.11%: 0.00%,0:04:13,0
perry mason,5,2,50.00%: 0.00%,16.67%: 66.67%,0:13:22,0
facilities,4,1,50.00%: 0.00%: 100.00%,22.22%: 100.00%: 0.00%,0:03:30,0
study,4,6,0.00%,12.50%,0:01:27,3
military,4,1,33.33%: 0.00%,50.00%: 100.00%,0:03:35,1
polio,4,1,66.67%: 100.00%,16.67%: 0.00%,0:05:03,0
Anatolia,4,3,0.00%: 0.00%,100.00%: 16.67%,0:05:38,1
shigemura,4,1.5,50.00%,33.33%,0:03:40,0.25
morrell nichols,4,1,0.00%: 0.00%: 0.00%: 0.00%,100.00%: 100.00%: 100.00%: 100.00%,0:00:18,0
Waterford,4,1,0.00%: 0.00%: 0.00%,11.11%: 100.00%: 100.00%,0:00:24,0
Great Hall,4,3.5,50.00%,14.29%,0:01:14,2.75
faculty committee religious affairs,4,3,0.00%: 0.00%: 0.00%: 0.00%,66.67%: 66.67%: 16.67%: 50.00%,0:11:34,0
Convocation,4,1,0.00%: 0.00%: 0.00%: 0.00%,100.00%: 100.00%: 0.00%: 33.33%,0:17:37,1
press releases,4,1,66.67%: 0.00%,20.00%: 100.00%,0:00:07,0
fest,4,2,25.00%,37.50%,0:00:54,1
buckminster,4,2.75,100.00%,0.00%,0:01:55,0
Track,4,1,0.00%: 0.00%: 0.00%,66.67%: 100.00%: 0.00%,0:04:15,0
atherton bean,4,1.5,25.00%,33.33%,0:15:06,8.25
Armenia,4,1,0.00%: 0.00%: 0.00%: 0.00%,100.00%: 100.00%: 100.00%: 100.00%,0:00:15,0
Peter schjeldahl,4,1,0.00%: 0.00%: 0.00%: 0.00%,100.00%: 50.00%: 100.00%: 100.00%,0:00:09,0
legend of fair women,4,2.5,0.00%,10.00%,0:09:24,3
Jarchow,4,2,0.00%: 100.00%: 0.00%,100.00%: 16.67%: 100.00%,0:04:23,0
J.J. Dow,4,2,0.00%: 0.00%: 0.00%: 0.00%,100.00%: 40.00%: 0.00%: 100.00%,0:00:17,1
blueprints,4,2,0.00%: 0.00%: 0.00%,33.33%: 0.00%: 100.00%,0:01:15,1
Oral History Interviews,4,3,0.00%: 0.00%: 0.00%,12.50%: 0.00%: 25.00%,0:02:24,1
unco,4,1.75,75.00%,28.57%,0:01:29,0
Carleton corporation,4,2,0.00%: 0.00%: 0.00%,33.33%: 25.00%: 100.00%,0:04:35,1
Northfield,4,1,0.00%: 0.00%: 0.00%,42.86%: 0.00%: 100.00%,0:00:35,0
carleton farm,4,5,50.00%: 0.00%,5.56%: 100.00%,0:01:15,0
original observatory,4,3,0.00%: 100.00%,8.00%: 0.00%,0:04:43,1
Vietnam,4,2.75,50.00%,18.18%,0:00:31,0.5
martha elizabeth donaldson,4,1,100.00%: 100.00%: 100.00%,18.18%: 0.00%: 0.00%,0:00:20,0
faculty religious affairs,4,5,0.00%: 100.00%: 0.00%: 0.00%,5.56%: 0.00%: 50.00%: 100.00%,0:02:17,0
archives,4,3,0.00%: 0.00%: 0.00%: 0.00%,20.00%: 100.00%: 33.33%: 25.00%,0:04:12,1
language and dining center,4,1,66.67%: 0.00%,20.00%: 100.00%,0:00:15,0
food,4,1.75,0.00%,57.14%,0:06:30,0.5
ray jacobson,4,3,0.00%: 100.00%: 0.00%,50.00%: 0.00%: 100.00%,0:04:36,0
Hill of Three Oaks,4,2,100.00%: 0.00%: 0.00%,25.00%: 50.00%: 33.33%,0:01:26,0
verbrugghen,4,1,50.00%: 100.00%: 0.00%,25.00%: 0.00%: 100.00%,0:00:30,1
Town houses,4,1,0.00%: 0.00%: 0.00%,66.67%: 50.00%: 100.00%,0:00:18,0
The immigrants' guide to Minnesota,4,1,100.00%: 100.00%: 0.00%,0.00%: 0.00%: 100.00%,0:00:06,0
diet prowe,4,3.25,50.00%,15.38%,0:11:11,0.75
chemistry,4,4,66.67%: 0.00%,12.50%: 100.00%,0:03:23,0
kirchheimer,4,1,50.00%: 0.00%: 0.00%,0.00%: 100.00%: 50.00%,0:04:14,0
james meredith,4,1,50.00%: 0.00%,25.00%: 100.00%,0:01:25,0
Horace Rice Goodhue,4,4,0.00%: 100.00%: 100.00%,28.57%: 0.00%: 0.00%,0:02:28,1
Elizabeth Cowling,4,2,0.00%: 0.00%: 0.00%: 100.00%,33.33%: 25.00%: 100.00%: 0.00%,0:05:28,1
Water Tower,4,2,50.00%: 50.00%,33.33%: 33.33%,0:02:21,1
Turkey,4,2,0.00%: 0.00%: 0.00%,36.36%: 50.00%: 20.00%,0:02:35,1
Olin,4,1,0.00%: 0.00%,33.33%: 7.69%,0:06:40,1
view of carleton,4,2,0.00%: 0.00%: 0.00%,0.00%: 50.00%: 100.00%,0:06:10,4
Keith Harrison,4,1,33.33%: 0.00%,20.00%: 50.00%,0:01:20,1
Don Rawitsch,4,1,0.00%: 0.00%,60.00%: 100.00%,0:03:21,0
black at carleton,4,1.5,50.00%,33.33%,0:05:03,0.75
China,3,1,100.00%: 100.00%,0.00%: 0.00%,0:00:12,0
orchestra,3,4,66.67%,16.67%,0:02:26,5.67
economics,3,3.67,66.67%,9.09%,0:01:20,0.33
controversy,3,2,0.00%: 0.00%: 100.00%,100.00%: 100.00%: 0.00%,0:01:10,0
army,3,3.33,0.00%,10.00%,0:00:34,4
teaching,3,3,100.00%: 100.00%,0.00%: 0.00%,0:04:18,0
harry tate,3,2.67,33.33%,25.00%,0:00:33,0
Maxwell,3,4,50.00%: 0.00%,10.00%: 25.00%,0:05:28,5
manuscript,3,2,66.67%,16.67%,0:03:46,0.33
schmidt,3,2,0.00%: 0.00%: 0.00%,100.00%: 50.00%: 25.00%,0:00:24,1
dope books,3,2.33,100.00%,0.00%,0:00:08,0
band,3,2,0.00%: 100.00%: 0.00%,20.00%: 0.00%: 100.00%,0:02:12,0
Margaret J. Evans,3,6,0.00%: 0.00%,33.33%: 0.00%,0:02:14,5
choir,3,3,0.00%: 0.00%,10.00%: 50.00%,0:14:47,6
dining hall,3,2.33,0.00%,14.29%,0:07:02,1.33
Freshmen,3,2.67,0.00%,25.00%,0:01:52,2
Ebony II,3,2,100.00%: 0.00%,0.00%: 0.00%,0:04:11,7
radio,3,3.33,0.00%,40.00%,0:01:55,2.67
stadium,3,3,33.33%,11.11%,0:01:02,2.67
Vick,3,1,0.00%: 0.00%,100.00%: 0.00%,0:00:07,0
Eisenhower,3,4,0.00%: 0.00%,0.00%: 0.00%,0:09:42,3
programs,3,1.33,0.00%,75.00%,0:03:41,1
myra brown,3,1,50.00%: 0.00%,50.00%: 100.00%,0:00:08,0
Charles M. Goodsell,3,2,0.00%: 0.00%,50.00%: 100.00%,0:09:48,0
stork retirement,3,2,50.00%: 0.00%,33.33%: 100.00%,0:02:33,0
robert morrison,3,1,0.00%: 0.00%: 100.00%,100.00%: 50.00%: 50.00%,0:00:39,0
lloyd johnson,3,1,33.33%,66.67%,0:02:10,0
Skinner Memorial Chapel,3,6,50.00%: 0.00%,11.11%: 18.18%,0:08:27,7
tennis,3,3,50.00%: 0.00%,10.00%: 100.00%,0:00:28,0
Intercultural Affairs,3,2,0.00%: 0.00%: 0.00%,100.00%: 20.00%: 50.00%,0:16:41,1
teaching assistant,3,1,0.00%: 100.00%,28.57%: 0.00%,0:04:02,0
culver,3,5,100.00%: 0.00%,10.00%: 100.00%,0:07:20,0
affairs proposal,3,1,0.00%: 0.00%: 0.00%,33.33%: 100.00%: 100.00%,0:00:11,0
dance,3,3,50.00%: 0.00%,10.00%: 100.00%,0:01:24,1
Nutting,3,2,100.00%: 0.00%,0.00%: 33.33%,0:00:25,1
bonfire,3,1.33,33.33%,50.00%,0:02:38,3.33
uniform,3,1.33,33.33%,50.00%,0:00:16,1.33
myers,3,6,50.00%: 100.00%,10.00%: 12.50%,0:14:25,3
ian barbour,3,1,50.00%: 0.00%,33.33%: 100.00%,0:00:27,0
Cold war,3,1,50.00%: 100.00%,20.00%: 50.00%,0:00:13,0
sovik,3,1,50.00%: 0.00%,50.00%: 100.00%,0:00:17,0
library addition,3,2,50.00%: 100.00%,33.33%: 0.00%,0:00:09,0
cookie house,3,1,33.33%,66.67%,0:00:11,0
John Nason,3,3,0.00%: 0.00%,12.50%: 50.00%,0:07:26,0
candace moses,3,2.67,33.33%,25.00%,0:01:15,0
earl neil,3,7.67,66.67%,13.04%,0:13:13,2.33
Broomball,3,1,0.00%: 0.00%,100.00%: 100.00%,0:00:22,0
paul n. myers,3,1,0.00%: 0.00%: 0.00%,100.00%: 100.00%: 100.00%,0:00:28,0
ernest ling,3,1,0.00%: 100.00%,100.00%: 0.00%,0:00:08,0
missions,3,1,50.00%: 0.00%,33.33%: 100.00%,0:00:30,0
lyman,3,2,33.33%,33.33%,0:09:05,0.33
oden,3,4,100.00%: 0.00%,0.00%: 100.00%,0:09:30,0
photos,3,1,100.00%: 0.00%,9.09%: 50.00%,0:01:20,1
hughes,3,1,0.00%: 0.00%,40.00%: 50.00%,0:05:37,0
riggs,3,1.33,33.33%,50.00%,0:12:11,0.33
jack goldfeather,3,3,0.00%: 100.00%: 0.00%,0.00%: 0.00%: 0.00%,0:00:21,1
elizabeth luedtke,3,3.67,33.33%,9.09%,0:00:42,1
esaki,3,1,0.00%,100.00%,0:00:15,0
Tuomi,3,3,0.00%: 0.00%,12.50%: 0.00%,0:02:07,1
uninvited company,3,5.33,33.33%,18.75%,0:04:12,2
Japanese Garden,3,6,0.00%: 0.00%,33.33%: 8.33%,0:20:25,10
Strike,3,2,50.00%: 0.00%,18.18%: 25.00%,0:02:01,5
directory,3,2,100.00%: 0.00%: 100.00%,0.00%: 33.33%: 50.00%,0:00:22,0
acting,3,3,0.00%: 100.00%: 0.00%,50.00%: 25.00%: 33.33%,0:00:17,0
james scoville,3,1.67,33.33%,40.00%,0:00:34,0.67
pine hill,3,2,50.00%: 0.00%,50.00%: 25.00%,0:01:30,0
laird william,3,2,50.00%: 0.00%,12.50%: 100.00%,0:18:44,5
house,3,6,0.00%: 0.00%,5.56%: 25.00%,0:11:38,0
Oral Histories,3,7,0.00%: 0.00%,0.00%: 7.14%,0:20:34,0
botany,3,1,0.00%: 0.00%,33.33%: 0.00%,0:00:35,1
sports information,3,2,33.33%,33.33%,0:06:58,0.33
treasurer,3,1,0.00%: 0.00%,50.00%: 100.00%,0:10:11,0
Emannuelle,3,1,0.00%: 0.00%: 100.00%,100.00%: 100.00%: 0.00%,0:00:21,0
moses,3,2,100.00%,16.67%,0:00:18,0
Women's Liberation,3,1,0.00%: 0.00%: 0.00%,100.00%: 100.00%: 100.00%,0:00:17,0
Dormitory,3,2,0.00%: 0.00%,33.33%: 50.00%,0:00:35,0
Down with social science,3,2,0.00%: 100.00%: 0.00%,100.00%: 0.00%: 0.00%,0:02:18,0
harriett sheridan,3,2,0.00%: 0.00%: 0.00%,100.00%: 25.00%: 100.00%,0:00:18,0
Carleton archives,3,2,0.00%: 0.00%: 100.00%,50.00%: 100.00%: 0.00%,0:02:22,1
Map of campus,3,2.67,33.33%,12.50%,0:05:53,0.67
cameron margaret bell,3,4,50.00%: 0.00%,5.88%: 14.29%,0:03:07,0
drama,3,3,33.33%,22.22%,0:01:48,5
Oregon Trail,3,1,0.00%: 0.00%,100.00%: 100.00%,0:08:13,0
Midwinter Ball,3,4,0.00%: 0.00%: 100.00%,16.67%: 20.00%: 0.00%,0:03:29,10
posters,3,5,50.00%: 0.00%,6.25%: 50.00%,0:16:19,1
Bailey vern,3,2,0.00%: 100.00%: 0.00%,50.00%: 0.00%: 0.00%,0:03:35,0
monument hill,3,1.67,66.67%,20.00%,0:01:05,0
video,3,2.33,33.33%,14.29%,0:07:20,1.67
doc evans,3,1,100.00%: 100.00%,0.00%: 0.00%,0:00:01,0
dacie moses house,3,2,0.00%: 0.00%: 100.00%,100.00%: 50.00%: 0.00%,0:06:22,1
margaret dow,3,3.67,33.33%,18.18%,0:04:06,0
davis hall,3,3,0.00%,33.33%,0:00:54,1.67
recreation center,3,1,50.00%: 0.00%,20.00%: 100.00%,0:00:14,0
ashamed,3,2,0.00%: 0.00%,66.67%: 33.33%,0:04:35,0
intramural,3,1,0.00%: 0.00%,40.00%: 100.00%,0:06:30,0
Reisman,3,2,50.00%: 0.00%,16.67%: 100.00%,0:00:36,0
View,3,3,100.00%: 0.00%: 0.00%,0.00%: 14.29%: 100.00%,0:00:28,0
spring concert,3,5,0.00%,20.00%,0:01:37,1.67
business office,3,1,0.00%,100.00%,0:08:21,2.67
james dow,3,3.33,0.00%,30.00%,0:16:54,2
Yamasaki,3,9,0.00%: 0.00%: 0.00%,20.00%: 0.00%: 100.00%,0:06:29,5
chaplain's office,3,1,100.00%: 0.00%: 0.00%,0.00%: 50.00%: 100.00%,0:09:17,2
Joe Fabeetz,3,1,0.00%: 0.00%: 100.00%,100.00%: 100.00%: 50.00%,0:02:17,0
women's dorms,3,1,0.00%: 0.00%: 0.00%,100.00%: 50.00%: 100.00%,0:00:10,0
finance committee,3,1,0.00%: 0.00%,100.00%: 100.00%,0:02:29,0
carleton,3,2,50.00%: 0.00%,40.00%: 25.00%,0:03:27,0
West Hall,3,10,0.00%: 0.00%,11.11%: 0.00%,0:06:26,7
lindberg lewis,3,1,50.00%: 0.00%,40.00%: 100.00%,0:03:24,0
residential,3,1,0.00%: 0.00%: 0.00%,100.00%: 33.33%: 0.00%,0:02:36,4
postage stamp,3,1,0.00%: 0.00%,50.00%: 100.00%,0:02:17,0
athletic program,3,1,0.00%: 0.00%: 0.00%,100.00%: 100.00%: 100.00%,0:00:14,0
ernie ling,3,1,50.00%: 0.00%,11.11%: 0.00%,0:17:23,1
sterrie,3,2.33,0.00%,42.86%,0:12:34,1
Ed Buchwald,3,1,100.00%: 0.00%: 0.00%,33.33%: 100.00%: 100.00%,0:00:23,1
earth day,3,1,50.00%: 0.00%,20.00%: 100.00%,0:00:35,0
Yearbook,3,1,100.00%: 0.00%: 0.00%,0.00%: 100.00%: 0.00%,0:00:13,0
woods,2,3,0.00%,33.33%,0:00:35,2.5
stanton,2,1.5,0.00%,0.00%,0:14:49,32
geology,2,2,100.00%: 0.00%,0.00%: 50.00%,0:00:17,0
chapel construction,2,1,0.00%: 0.00%,100.00%: 50.00%,0:14:34,4
May Fete Poster,2,2,0.00%: 0.00%,100.00%: 33.33%,0:01:17,1
japanese,2,2.5,0.00%,60.00%,0:08:22,1.5
furioso,2,2.5,0.00%,40.00%,0:03:39,0
Severance Hall,2,2,0.00%: 0.00%,50.00%: 50.00%,0:11:52,1
mrs skinner,2,1.5,0.00%,66.67%,0:00:40,0
Mighty Ducks,2,1,0.00%,100.00%,0:00:14,0
ktca,2,2,50.00%,25.00%,0:00:34,0
pep band,2,2,100.00%: 0.00%,0.00%: 50.00%,0:00:23,0
social service board,2,3.5,50.00%,14.29%,0:01:59,2
Beanie,2,2,100.00%: 0.00%,0.00%: 50.00%,0:05:31,2
Wesley Flaten,2,1,100.00%: 0.00%,0.00%: 100.00%,0:00:08,0
gillian sorenson,2,1,100.00%: 0.00%,0.00%: 100.00%,0:00:05,0
Gould,2,3,0.00%: 100.00%,20.00%: 0.00%,0:01:18,2
emily clark brown,2,1,0.00%: 0.00%,100.00%: 100.00%,0:00:49,0
religious activities,2,2,0.00%: 0.00%,33.33%: 100.00%,0:05:39,0
briefcase,2,1,100.00%: 0.00%,0.00%: 100.00%,0:00:15,0
computer activities committee,2,1.5,50.00%,33.33%,0:01:50,0
men boarding,2,4,0.00%: 0.00%,25.00%: 25.00%,0:01:01,2
telecom,2,1,0.00%: 0.00%,50.00%: 100.00%,0:14:19,3
japan,2,3.5,0.00%,28.57%,0:04:08,0
scoville memorial library,2,13,100.00%: 0.00%,0.00%: 16.67%,0:10:32,12
marsovan,2,1,0.00%: 0.00%,100.00%: 100.00%,0:13:36,0
Morford,2,3.5,50.00%,42.86%,0:00:36,1
coat of arms,2,1,0.00%: 100.00%,50.00%: 0.00%,0:00:13,0
carver nason,2,2,100.00%: 0.00%,0.00%: 100.00%,0:07:27,5
government documents,2,1,100.00%: 0.00%,0.00%: 50.00%,0:00:25,0
elizabeth bissell,2,3,50.00%,16.67%,0:05:45,0.5
knights,2,1,100.00%: 0.00%,0.00%: 100.00%,0:04:01,0
Biography,2,1,0.00%: 0.00%,50.00%: 100.00%,0:02:24,0
bio art,2,2,0.00%: 0.00%,33.33%: 100.00%,0:00:10,0
singer,2,1,100.00%: 100.00%,0.00%: 0.00%,0:00:02,0
Rooms,2,2,0.00%: 0.00%,0.00%: 50.00%,0:05:09,9
mill towns trail,2,1,0.00%: 0.00%,100.00%: 0.00%,0:00:07,0
chude allen,2,1,100.00%: 0.00%,0.00%: 50.00%,0:00:05,0
bird's-eye,2,1,0.00%: 0.00%,0.00%: 100.00%,0:05:24,3
honorary degree,2,2,50.00%,25.00%,0:03:25,0
Interest House,2,1,0.00%: 0.00%,100.00%: 100.00%,0:00:07,0
nathalie beaumont rodger,2,2,0.00%: 0.00%,66.67%: 100.00%,0:00:25,0
memorial,2,2,0.00%: 100.00%,100.00%: 0.00%,0:00:35,0
New Student Week Publications,2,1,0.00%: 0.00%,100.00%: 100.00%,0:00:45,0
frank kellogg,2,3,0.00%,33.33%,0:11:23,4
athletic,2,2,50.00%,50.00%,0:24:44,5
deborah sayles-hill,2,1,0.00%: 0.00%,100.00%: 100.00%,0:02:14,0
mouay,2,1,100.00%: 0.00%,50.00%: 100.00%,0:00:07,0
science hall,2,2,0.00%: 0.00%,50.00%: 50.00%,0:00:18,1
Art,2,1,0.00%: 0.00%,100.00%: 100.00%,0:16:14,1
security,2,6,50.00%,8.33%,0:02:17,0
"Rugby ""lisa Jordan's""",2,1,100.00%: 0.00%,50.00%: 100.00%,0:00:14,0
date at carleton,2,1,0.00%: 100.00%,100.00%: 0.00%,0:00:00,0
carleton college today,2,1,100.00%: 0.00%,0.00%: 100.00%,0:10:19,0
philip sheridan,2,3,0.00%: 0.00%,50.00%: 0.00%,0:02:45,1
Yellow face,2,1,100.00%: 0.00%,0.00%: 100.00%,0:00:06,0
carleton china,2,6,100.00%: 0.00%,0.00%: 14.29%,0:02:44,0
paul jensen,2,5,0.00%: 0.00%,20.00%: 100.00%,0:03:18,2
James Whitebeck,2,1,0.00%: 0.00%,100.00%: 100.00%,0:00:11,0
william taylor,2,2,0.00%: 0.00%,100.00%: 33.33%,0:00:08,0
nudity,2,2,100.00%,0.00%,0:00:39,0
World War II,2,2.5,0.00%,40.00%,0:02:08,0
skis,2,1,0.00%,100.00%,0:01:20,0
Nadia,2,2,0.00%: 0.00%,100.00%: 33.33%,0:01:19,0
mill,2,2.5,50.00%,0.00%,0:07:04,2
Richard Weigle,2,1,100.00%: 100.00%,0.00%: 0.00%,0:00:18,0
alumni magazine,2,3.5,50.00%,28.57%,0:00:41,0
carol trosset,2,5,100.00%: 0.00%,0.00%: 33.33%,0:03:51,4
Teresa Porter,2,1,100.00%: 0.00%,0.00%: 100.00%,0:00:08,0
Canoe,2,2,0.00%: 0.00%,50.00%: 50.00%,0:10:15,1
news releases,2,2,50.00%,0.00%,0:01:41,6
gridley dining,2,6.5,0.00%,7.69%,0:03:45,8.5
tom lamb,2,2,0.00%: 0.00%,50.00%: 33.33%,0:03:28,0
Harvey Stork,2,1,100.00%: 0.00%,0.00%: 50.00%,0:08:05,0
tibet,2,1,0.00%,100.00%,0:00:11,0
Dean,2,2,0.00%: 100.00%,50.00%: 0.00%,0:03:18,2
expulsion,2,1.5,0.00%,100.00%,0:08:33,2.5
dennison,2,2,0.00%: 0.00%,100.00%: 100.00%,0:16:41,0
sports,2,2,0.00%,50.00%,0:15:41,1
clifford stiles,2,1,0.00%: 0.00%,50.00%: 100.00%,0:00:15,0
casey,2,1,100.00%,0.00%,0:00:00,0
carroll,2,1,0.00%: 0.00%,100.00%: 100.00%,0:12:16,0
W.R.A. Wreck,2,2,0.00%: 0.00%,100.00%: 33.33%,0:00:12,0
david maitland,2,1,0.00%: 100.00%,0.00%: 0.00%,0:00:25,4
rolfe,2,1.5,50.00%,33.33%,0:00:35,1
music drama,2,7,0.00%: 0.00%,100.00%: 0.00%,0:12:46,4
Trustees,2,3.5,0.00%,42.86%,0:04:06,0
Lectures,2,3,0.00%: 0.00%,100.00%: 50.00%,0:00:22,0
maps,2,1,0.00%: 100.00%,100.00%: 0.00%,0:00:06,0
board games,2,1,0.00%: 0.00%,100.00%: 50.00%,0:14:24,0
records,2,4,0.00%: 0.00%,28.57%: 100.00%,0:01:31,0
Ultimate,2,3,0.00%: 0.00%,33.33%: 33.33%,0:00:37,1
donald cooper,2,2,0.00%: 100.00%,33.33%: 0.00%,0:00:35,0
Red Cross Drive,2,1,0.00%: 0.00%,100.00%: 100.00%,0:00:12,0
Bourne,2,4,100.00%: 100.00%,0.00%: 0.00%,0:00:33,0
perlman,2,1,0.00%,50.00%,0:08:45,1
minority,2,1,0.00%: 0.00%,100.00%: 100.00%,0:00:25,0
land deed,2,3,0.00%: 0.00%,100.00%: 0.00%,0:16:25,5
Adapting K-Medians to Generate Normalized Cluster Centers Benjamin J. Anderson,2,1,100.00%: 0.00%,0.00%: 50.00%,0:01:00,0
South Africa,2,1,0.00%: 100.00%,100.00%: 0.00%,0:00:14,0
George E. Skinner,2,6,100.00%: 0.00%,8.33%: 100.00%,0:02:33,0
virgil,2,1,0.00%: 0.00%,100.00%: 100.00%,0:00:30,0
handbook,2,2,100.00%: 0.00%,0.00%: 100.00%,0:01:29,0
carleton student association,2,1,0.00%: 0.00%,100.00%: 50.00%,0:00:18,0
field hockey,2,4,0.00%: 0.00%,0.00%: 100.00%,0:00:33,4
david davis van-atta,2,1,100.00%: 0.00%,0.00%: 100.00%,0:00:17,0
Triples,2,1,0.00%: 0.00%,100.00%: 100.00%,0:00:07,0
lake shelter,2,1,0.00%,100.00%,0:01:57,0
merrill jarchow newman,2,4,100.00%: 0.00%,0.00%: 50.00%,0:11:26,0
willabel,2,1,0.00%: 0.00%,100.00%: 50.00%,0:00:27,0
penguin,2,4,0.00%,37.50%,0:01:07,0.5
mary savina,2,2,100.00%: 0.00%,0.00%: 0.00%,0:00:32,0
Dean of the College,2,3,0.00%: 0.00%,33.33%: 50.00%,0:04:04,0
porter davis,2,1,0.00%: 0.00%,50.00%: 100.00%,0:07:06,2
student employment,2,4,0.00%,25.00%,0:02:13,0
Lyle O. Estenson,2,3,100.00%: 100.00%,0.00%: 0.00%,0:00:12,1
brecht,2,2,0.00%,50.00%,0:00:13,0
tinnin,2,1,0.00%,100.00%,0:06:51,0.5
student work,2,3,100.00%: 0.00%,0.00%: 50.00%,0:06:46,0
Prairie Creek,2,3,0.00%: 100.00%,33.33%: 0.00%,0:10:26,0
leo bickelhaupt,2,2,100.00%,0.00%,0:05:54,0
treasurer annual,2,1,100.00%: 0.00%,0.00%: 100.00%,0:00:06,0
robert oden,2,1,0.00%: 0.00%,100.00%: 100.00%,0:00:15,0
speech,2,2,0.00%: 0.00%,25.00%: 100.00%,0:25:16,19
alpha beta phi,2,5,0.00%: 0.00%,100.00%: 10.00%,0:07:05,13
grass house,2,1,0.00%: 0.00%,100.00%: 50.00%,0:09:19,0
center for mathematics and computing design,2,1,0.00%: 0.00%,100.00%: 0.00%,0:01:36,0
corner stone,2,1,100.00%: 0.00%,0.00%: 100.00%,0:00:08,0
Poskanzer president,2,1,0.00%: 0.00%,50.00%: 100.00%,0:03:23,0
harriet chapin,2,1,0.00%: 0.00%,100.00%: 100.00%,0:03:13,2
special events,2,2,50.00%,25.00%,0:00:50,0
alvis tinnin,2,1,50.00%,50.00%,0:02:03,0.5
christmas utah,2,1.5,50.00%,0.00%,0:12:02,4.5
Ice Skating,2,3,0.00%: 0.00%,25.00%: 33.33%,0:08:42,5
violet brown,2,1,0.00%: 100.00%,100.00%: 0.00%,0:00:27,0
bookstore,2,2.5,0.00%,40.00%,0:09:42,12.5
robert edwards,2,3,50.00%,33.33%,0:05:11,1
macbeth,2,2,0.00%: 0.00%,50.00%: 50.00%,0:01:18,1
personnel,2,2,100.00%: 0.00%,0.00%: 66.67%,0:01:28,0
polar,2,2,100.00%,0.00%,0:03:10,0
alcohol,2,1,100.00%: 0.00%,0.00%: 0.00%,0:00:10,0
freedom safari,2,1,0.00%: 0.00%,100.00%: 100.00%,0:00:08,0
sewer,2,1,0.00%,50.00%,0:00:22,1.5
language exemption,2,6,0.00%: 0.00%,100.00%: 27.27%,0:20:24,2
the grill,2,1,0.00%: 0.00%,100.00%: 100.00%,0:04:10,0
wendy wasserstein,2,7,0.00%: 0.00%,0.00%: 10.00%,0:03:08,4
esther stacy,2,1,0.00%: 0.00%,100.00%: 50.00%,0:06:08,0
fred mary sayles hill,2,1,0.00%: 0.00%,100.00%: 100.00%,0:00:12,0
asia-minor,2,1,0.00%: 0.00%,100.00%: 100.00%,0:02:22,1
Dr. George Aaron Culver,2,1,0.00%: 0.00%,100.00%: 100.00%,0:00:20,0
frances densmore,2,1,0.00%: 100.00%,100.00%: 0.00%,0:00:04,0
Medley,2,1.5,100.00%,0.00%,0:00:10,0
candace kelly,2,1,0.00%: 0.00%,50.00%: 100.00%,0:10:11,1
orchestra recordings,2,3,0.00%: 100.00%,16.67%: 0.00%,0:00:23,0
wagenbach,2,1,0.00%: 0.00%,100.00%: 100.00%,0:04:04,0
Comps archives,2,1,100.00%: 100.00%,0.00%: 0.00%,0:00:00,0
william barton estate,2,2,0.00%: 0.00%,100.00%: 33.33%,0:11:07,0
nourse little theater,2,3,0.00%: 0.00%,25.00%: 33.33%,0:02:42,3
freshman honors,2,1,0.00%: 0.00%,100.00%: 100.00%,0:00:13,0
fountain,2,3.5,0.00%,14.29%,0:00:27,2
horse,2,2,0.00%: 0.00%,0.00%: 50.00%,0:02:14,1
natural history,2,1,0.00%: 0.00%,100.00%: 100.00%,0:12:30,0
ABC program,2,1.5,50.00%,33.33%,0:04:24,0
Kim VandeWater,2,1,100.00%: 0.00%,0.00%: 100.00%,0:00:05,0
patton fischer,2,3,0.00%: 0.00%,100.00%: 16.67%,0:00:27,0
Earth week,2,2,0.00%: 0.00%,25.00%: 100.00%,0:02:27,0
katherine newman,2,1,0.00%: 0.00%,0.00%: 100.00%,0:00:11,0
dancing,2,4.5,50.00%,11.11%,0:00:51,2.5
Pat Merrick,2,1,100.00%: 0.00%,0.00%: 100.00%,0:00:07,0
richard nau,2,1,0.00%,50.00%,0:03:09,1
farm st olaf,2,1,0.00%: 0.00%,100.00%: 100.00%,0:00:09,0
Jewelnel Davis,2,1,0.00%: 0.00%,100.00%: 100.00%,0:01:15,0
casper,2,2.5,0.00%,20.00%,0:01:20,1
Herkenratt,2,6,100.00%,8.33%,0:10:49,8
halloween buggy,2,1,0.00%: 100.00%,100.00%: 50.00%,0:00:04,0
stained glass window,2,1,100.00%: 0.00%,0.00%: 100.00%,0:00:02,0
Plan,2,8,0.00%: 0.00%,10.00%: 14.29%,0:07:19,8
peace corps,2,2.5,0.00%,60.00%,0:13:56,0
pierce,2,1,0.00%: 100.00%,100.00%: 0.00%,0:00:05,0
Racism,2,1,0.00%: 0.00%,100.00%: 50.00%,0:00:14,0
students dining hall,2,2,0.00%: 0.00%,25.00%: 100.00%,0:00:04,1
Samuel Jensch,2,2,0.00%: 100.00%,33.33%: 0.00%,0:00:27,0
discipline,2,2,0.00%: 100.00%,100.00%: 50.00%,0:00:30,0
huntington club,2,1,0.00%: 100.00%,100.00%: 0.00%,0:00:07,0
Nuvart Parseghian Mehta,2,3,50.00%,0.00%,0:01:01,2.5
sigma xi,2,3.5,0.00%,14.29%,0:12:25,4
gender housing,2,1,100.00%: 0.00%,0.00%: 100.00%,0:00:04,0
Dean Warnholtz,2,7,100.00%: 100.00%,0.00%: 0.00%,0:04:16,3
Picnic,2,10,100.00%,10.00%,0:05:17,10
Peter Cole,2,1,0.00%: 100.00%,100.00%: 0.00%,0:00:06,0
eugster,2,1,100.00%,0.00%,0:00:00,0
trustees musser,2,1,0.00%: 0.00%,50.00%: 100.00%,0:00:22,0
dean's list,2,2,0.00%: 0.00%,33.33%: 100.00%,0:07:36,0
Project 60,2,1.5,0.00%,66.67%,0:02:06,4
charles dennison,2,1,0.00%: 0.00%,100.00%: 100.00%,0:00:05,0
Edith Garrison ,2,1,0.00%: 0.00%,100.00%: 100.00%,0:00:40,0
classical review,2,1.5,100.00%,0.00%,0:00:03,0
rockefell,2,1,0.00%: 100.00%,100.00%: 0.00%,0:00:06,0
Carleton Catalog,2,3,100.00%: 0.00%,0.00%: 100.00%,0:01:33,0
miron w. skinner,2,1,0.00%: 0.00%,100.00%: 50.00%,0:02:36,0
lake pavilion,2,1,0.00%: 0.00%,100.00%: 100.00%,0:03:24,0
facebook,2,2,100.00%: 0.00%,0.00%: 100.00%,0:01:24,0
dean lodge,2,3.5,0.00%,42.86%,0:00:31,2
categories,2,1,0.00%: 0.00%,50.00%: 100.00%,0:00:36,0
mathis,2,5,0.00%,0.00%,0:08:28,18.5
james strong,2,2,0.00%: 100.00%,33.33%: 0.00%,0:02:14,2
president faculty,2,2,0.00%: 0.00%,33.33%: 100.00%,0:04:11,0
Leighton Hall,2,5,0.00%: 0.00%,25.00%: 14.29%,0:01:31,4
mug shots,2,2,0.00%,25.00%,0:01:01,1
brauer,2,2,100.00%: 0.00%,0.00%: 100.00%,0:01:42,0
pancake house,2,6,100.00%: 0.00%,0.00%: 100.00%,0:02:29,1
Chalk Circle,2,1,0.00%: 100.00%,100.00%: 0.00%,0:00:26,0
wadsworth williams,2,2,0.00%: 100.00%,100.00%: 33.33%,0:00:48,0
payne,2,3,0.00%,0.00%,0:00:22,2.5
circle,2,1,100.00%: 0.00%,0.00%: 50.00%,0:03:11,0
Hinckley,2,1,0.00%: 0.00%,0.00%: 100.00%,0:01:14,0
sports program,2,1,100.00%: 0.00%,0.00%: 100.00%,0:00:05,0
Party,2,3,0.00%: 0.00%,50.00%: 20.00%,0:02:32,3
regency ball,2,1.5,100.00%,0.00%,0:00:06,0
philosophy,2,5.5,0.00%,0.00%,0:02:04,9.5
diethelm,2,3,50.00%,16.67%,0:06:20,0
SILTON,2,2,0.00%: 0.00%,33.33%: 100.00%,0:13:27,2
jenson,2,1,0.00%: 0.00%,100.00%: 100.00%,0:00:22,0
tenure,2,2,50.00%,0.00%,0:00:54,0.5
frank Stella,2,1,100.00%: 0.00%,0.00%: 100.00%,0:00:13,0
hill deborah,2,2,100.00%: 0.00%,0.00%: 33.33%,0:00:22,0
Centennial celebration,2,2,0.00%: 0.00%,50.00%: 100.00%,0:00:29,0
southwick,2,1,0.00%: 0.00%,100.00%: 0.00%,0:00:10,0
Willard,2,2,100.00%: 0.00%,0.00%: 100.00%,0:00:31,0
first decade,2,2,0.00%: 0.00%,0.00%: 100.00%,0:08:06,2
department of chemistry,2,1,0.00%: 0.00%,100.00%: 100.00%,0:02:36,5
men's gymnasium west,2,1,0.00%: 0.00%,100.00%: 100.00%,0:06:33,0
stearns,2,1,0.00%: 0.00%,100.00%: 100.00%,0:05:24,0
evans,2,2,100.00%: 0.00%,0.00%: 100.00%,0:00:33,0
Carl B. Huber,2,3,0.00%: 100.00%,100.00%: 0.00%,0:01:24,0
emily skinner,2,2,0.00%: 0.00%,33.33%: 100.00%,0:00:39,0
cabin,2,2.5,0.00%,60.00%,0:12:22,0
Eichman,2,3.5,50.00%,14.29%,0:14:27,0
mohrig,2,2.5,0.00%,40.00%,0:17:57,2
dynamo,2,3,0.00%,33.33%,0:18:00,1
sculpture,2,2,0.00%,50.00%,0:00:54,2.5
Meter,2,1,0.00%: 0.00%,100.00%: 100.00%,0:05:36,0
demonstration,2,1,0.00%: 0.00%,100.00%: 50.00%,0:01:03,0
Mary Holter,2,1,100.00%: 0.00%,0.00%: 50.00%,0:00:26,0
tenure review,2,20,50.00%,7.50%,0:04:09,1
hamlet,2,3.5,0.00%,28.57%,0:01:01,2
Religion,2,2,100.00%: 0.00%,0.00%: 50.00%,0:01:30,0
nutting house,2,3,0.00%,33.33%,0:01:40,0
BDAG,2,3,0.00%,33.33%,0:07:41,1.5
Isabella Watson,2,2,0.00%: 100.00%,50.00%: 0.00%,0:01:27,2
blatt,2,1.5,50.00%,66.67%,0:00:41,0
Cane Rush,2,2,0.00%: 100.00%,33.33%: 0.00%,0:00:26,2
erling,2,1.5,0.00%,66.67%,0:00:21,0
construction skinner,2,1,0.00%: 0.00%,100.00%: 100.00%,0:00:14,0
Admissions Publications,2,2,100.00%: 0.00%,0.00%: 0.00%,0:00:20,0
watkins,2,1,0.00%: 0.00%,50.00%: 100.00%,0:00:24,0
mcac,2,2,0.00%,50.00%,0:10:03,0
Halloween,2,1,100.00%,0.00%,0:00:00,0
carleton college campus,2,1,100.00%: 0.00%,0.00%: 100.00%,0:00:11,0
Holmes and Flynn,2,1,0.00%: 0.00%,100.00%: 0.00%,0:00:20,1
Air force,2,2,0.00%: 0.00%,50.00%: 0.00%,0:00:17,1
auxilliary,2,1,0.00%: 0.00%,100.00%: 100.00%,0:18:29,4
cameron trust,2,3,0.00%: 0.00%,20.00%: 50.00%,0:16:21,0
sayles hill gymnasium,2,3,0.00%: 0.00%,20.00%: 100.00%,0:00:29,1
Jim Whitbeck,2,2,0.00%: 100.00%,100.00%: 66.67%,0:00:13,0
romeo,2,2.5,0.00%,40.00%,0:10:02,5
kirchner generalized coconut problem,2,1,0.00%: 0.00%,0.00%: 100.00%,0:00:29,2
honors individual,2,4,0.00%: 0.00%,50.00%: 33.33%,0:07:34,0
law lodge,2,1.5,0.00%,33.33%,0:00:12,0.5
irony sade,2,2,50.00%,25.00%,0:00:21,0
winifred baker,2,7,0.00%: 100.00%,100.00%: 7.69%,0:01:18,3
riding the chariot,2,1,100.00%: 0.00%,50.00%: 100.00%,0:00:22,0
madrigal,2,2,0.00%,0.00%,0:05:14,1.5
Al Tinnin,2,2.5,50.00%,20.00%,0:15:12,2
joseph sue,2,1,0.00%: 0.00%,100.00%: 100.00%,0:17:30,0
housing,2,2,0.00%,50.00%,0:02:16,0
bonnie Scott,2,2,50.00%,25.00%,0:01:35,0
narverud,2,1,0.00%: 0.00%,50.00%: 100.00%,0:12:09,0
northfield bridge,2,1,0.00%,50.00%,0:00:48,0.5
freshman vengeance,2,2,0.00%: 0.00%,100.00%: 33.33%,0:20:22,4
Robert Larson,2,1,0.00%: 0.00%,100.00%: 100.00%,0:09:21,0
edward schmidt,2,1,100.00%: 0.00%,0.00%: 100.00%,0:00:05,0
library floor plan,1,8,100.00%,0.00%,0:01:11,1
sleep,1,2,0.00%,50.00%,0:00:13,0
hanging,1,1,0.00%,100.00%,0:00:19,0
josh carson,1,1,0.00%,100.00%,0:00:08,0
central records,1,2,0.00%,50.00%,0:11:01,4
black hole,1,2,100.00%,0.00%,0:00:04,0
sprague,1,1,0.00%,100.00%,0:01:22,0
evans bridge,1,4,0.00%,0.00%,0:01:14,6
Swingle,1,1,0.00%,100.00%,0:01:52,2
student boycott,1,1,0.00%,100.00%,0:06:57,1
last lecture,1,1,0.00%,100.00%,0:13:06,0
riedel,1,6,0.00%,0.00%,0:01:50,1
salmon persons,1,1,0.00%,100.00%,0:00:07,0
shaving,1,1,0.00%,100.00%,0:00:21,0
joseph vernon turner,1,4,100.00%,0.00%,0:01:40,3
dairy farm,1,1,0.00%,0.00%,0:16:05,7
Kent State,1,1,0.00%,100.00%,0:00:10,0
owen jenkins,1,4,0.00%,25.00%,0:03:41,0
parrot,1,3,0.00%,33.33%,0:01:18,1
beth freeman,1,1,0.00%,100.00%,0:01:52,0
student teacher,1,1,0.00%,100.00%,0:00:23,0
firenze chain map,1,1,0.00%,100.00%,0:00:08,0
nursery,1,2,0.00%,100.00%,0:00:21,0
rosalind gesner,1,2,0.00%,50.00%,0:28:25,0
may rand,1,2,100.00%,0.00%,0:00:07,0
Carl Tape,1,1,100.00%,0.00%,0:00:00,0
pollock,1,1,100.00%,0.00%,0:00:00,0
midsummer,1,3,0.00%,33.33%,0:01:15,0
kstp,1,1,0.00%,100.00%,0:02:19,0
Thomas Sandberg,1,5,0.00%,20.00%,0:02:35,2
cooking,1,3,0.00%,33.33%,0:06:43,1
fossil,1,1,0.00%,0.00%,0:19:15,3
Institutional research,1,1,0.00%,100.00%,0:07:28,0
sheldon hackney,1,2,0.00%,100.00%,0:01:10,0
spelma,1,1,0.00%,100.00%,0:00:39,0
Marion LeRoy Burton,1,7,100.00%,14.29%,0:07:42,2
kids,1,1,100.00%,0.00%,0:00:00,0
stacy beckwith,1,1,0.00%,100.00%,0:00:32,1
undem,1,3,100.00%,0.00%,0:08:21,0
john mori,1,1,0.00%,100.00%,0:00:26,0
amasia,1,1,0.00%,100.00%,0:00:13,0
processional,1,5,0.00%,60.00%,0:01:20,0
photographers authors,1,1,0.00%,100.00%,0:00:31,0
cohn,1,1,100.00%,0.00%,0:00:00,0
John H Estey,1,1,0.00%,0.00%,0:00:41,4
arild miller,1,15,100.00%,0.00%,0:04:47,0
womens tennis,1,1,0.00%,100.00%,0:00:18,0
Interior Burton,1,2,0.00%,50.00%,0:01:11,0
plow,1,1,0.00%,100.00%,0:00:17,0
Scheherazade,1,2,0.00%,50.00%,0:01:11,0
arms,1,2,0.00%,100.00%,0:00:52,0
computer project,1,1,0.00%,100.00%,0:03:49,9
dairy,1,4,0.00%,25.00%,0:01:03,0
Semicentennial Anniversary,1,1,0.00%,100.00%,0:00:17,0
relay,1,2,0.00%,50.00%,0:16:23,0
oscar,1,4,0.00%,50.00%,0:00:21,1
Edmund T Montgomery,1,4,0.00%,0.00%,0:02:04,1
ward lewis,1,8,100.00%,0.00%,0:09:37,0
vandalism,1,4,0.00%,50.00%,0:00:37,0
Sonia Wong,1,4,100.00%,0.00%,0:01:01,0
sexual misconduct,1,2,0.00%,50.00%,0:00:18,0
Trustee Committee on Religious affairs,1,1,0.00%,100.00%,0:00:26,0
video call,1,2,0.00%,50.00%,0:04:46,0
serpent,1,3,0.00%,33.33%,0:01:51,1
when i knew,1,2,0.00%,100.00%,0:08:15,5
india,1,2,100.00%,0.00%,0:00:08,0
dunning,1,1,100.00%,0.00%,0:00:00,0
Lord,1,2,0.00%,0.00%,0:00:20,2
swearer,1,4,0.00%,25.00%,0:00:39,2
william craine,1,1,100.00%,0.00%,0:00:00,0
Coca cola,1,1,100.00%,0.00%,0:00:00,0
Bob Dixon,1,8,0.00%,12.50%,0:02:42,0
running track,1,2,0.00%,50.00%,0:01:59,2
ball,1,25,0.00%,4.00%,0:06:49,6
telefellow,1,1,0.00%,100.00%,0:02:07,0
mary youngquist,1,4,100.00%,0.00%,0:01:17,0
social science manual,1,1,100.00%,0.00%,0:00:00,0
Farrell,1,1,100.00%,0.00%,0:00:00,0
third,1,1,100.00%,0.00%,0:00:00,0
greek,1,4,100.00%,0.00%,0:00:18,1
sam boyer,1,1,100.00%,0.00%,0:00:00,0
ceithaml,1,3,100.00%,0.00%,0:00:24,0
elledge,1,1,0.00%,100.00%,0:01:30,0
Malt-O-Meal,1,5,100.00%,0.00%,0:01:15,0
watson dorm,1,1,0.00%,100.00%,0:00:14,0
alumni association,1,2,0.00%,50.00%,0:28:09,6
matsumoto,1,3,0.00%,33.33%,0:01:10,0
student enrollment,1,1,0.00%,100.00%,0:00:56,0
Olson,1,1,0.00%,0.00%,0:00:28,1
richard musser,1,13,0.00%,7.69%,0:04:01,0
educational television,1,3,0.00%,33.33%,0:14:42,0
accessibility initiative,1,1,0.00%,100.00%,0:00:19,0
Cujokra,1,2,0.00%,0.00%,0:01:28,5
parish house,1,6,100.00%,0.00%,0:00:41,0
croquet,1,2,0.00%,50.00%,0:00:15,0
interpretive,1,1,0.00%,100.00%,0:03:13,0
educating across cultures,1,1,0.00%,100.00%,0:00:26,0
Sun Bathing,1,1,0.00%,100.00%,0:00:10,0
sarah heald,1,1,0.00%,100.00%,0:00:11,0
Feminist,1,2,100.00%,0.00%,0:00:17,0
kaaren,1,1,0.00%,0.00%,0:01:54,2
catherine anderson,1,2,100.00%,0.00%,0:00:05,0
student handbook,1,1,0.00%,100.00%,0:00:50,0
hunt scholars,1,1,0.00%,100.00%,0:19:44,4
eguchi,1,1,0.00%,100.00%,0:00:08,0
john elof,1,1,100.00%,0.00%,0:00:00,0
integrative,1,1,100.00%,0.00%,0:00:00,0
MARY PUFF,1,2,0.00%,0.00%,0:04:00,5
facilities needs and planning committee,1,1,0.00%,100.00%,0:24:30,6
Cabin blueprint,1,1,0.00%,100.00%,0:00:16,0
herter,1,1,0.00%,100.00%,0:00:06,0
Metric,1,4,0.00%,0.00%,0:07:44,12
Windsor,1,1,100.00%,0.00%,0:00:00,0
Neil sandstad,1,2,0.00%,0.00%,0:00:56,2
Senior Class Officers,1,1,0.00%,0.00%,0:01:14,1
faculty building,1,1,0.00%,100.00%,0:00:36,0
William w lye house,1,1,100.00%,0.00%,0:00:00,0
brian's paddle,1,1,0.00%,100.00%,0:10:43,0
Bliss,1,4,0.00%,0.00%,0:01:16,1
homecoming pep banned,1,1,0.00%,100.00%,0:00:08,0
sutherland,1,1,0.00%,100.00%,0:00:15,0
iseminger,1,1,0.00%,0.00%,0:09:32,1
arturo,1,1,0.00%,100.00%,0:00:33,0
northfield houses,1,1,0.00%,100.00%,0:00:32,0
mckinsey,1,2,100.00%,0.00%,0:00:13,0
landscape architecture,1,3,0.00%,33.33%,0:03:42,0
serve,1,2,0.00%,50.00%,0:00:12,0
south hall,1,5,0.00%,20.00%,0:01:33,6
Grid leu,1,1,0.00%,100.00%,0:00:16,0
conservatory of music,1,4,0.00%,0.00%,0:01:00,1
final,1,3,100.00%,0.00%,0:00:16,1
runner,1,1,0.00%,100.00%,0:00:17,0
portraits,1,1,0.00%,100.00%,0:12:47,3
christine lac,1,1,0.00%,100.00%,0:01:38,0
students having fun,1,1,0.00%,100.00%,0:00:09,0
chuck longren,1,1,100.00%,0.00%,0:00:00,0
Pat lamb,1,1,100.00%,0.00%,0:00:00,0
CAMS,1,2,100.00%,0.00%,0:00:57,2
picture of Les Herkenratt,1,1,0.00%,100.00%,0:00:15,0
snow,1,7,0.00%,28.57%,0:30:51,3
riesman papers,1,5,0.00%,20.00%,0:39:23,9
Carlton Grassle,1,1,100.00%,0.00%,0:00:00,0
hundred years,1,2,100.00%,50.00%,0:00:07,0
reminiscence,1,1,0.00%,100.00%,0:00:25,0
rev neil,1,1,0.00%,100.00%,0:00:31,0
Preparing to sail,1,1,0.00%,100.00%,0:00:11,0
Jones,1,6,100.00%,50.00%,0:01:57,0
Lynn,1,1,100.00%,0.00%,0:00:00,0
ibm 610,1,1,0.00%,100.00%,0:01:18,0
alumni,1,1,0.00%,100.00%,0:01:19,1
today show,1,3,0.00%,33.33%,0:02:48,0
Nadia Heibel,1,2,100.00%,0.00%,0:02:50,0
president swearer,1,1,0.00%,100.00%,0:03:42,0
lewis,1,7,0.00%,14.29%,0:02:35,9
audience at South Pacific,1,2,100.00%,0.00%,0:01:04,1
first chicago,1,1,100.00%,0.00%,0:00:00,0
ENTS,1,10,0.00%,10.00%,0:43:51,0
wegman,1,1,100.00%,0.00%,0:00:00,0
a dominican story,1,1,100.00%,0.00%,0:00:00,0
menu,1,3,0.00%,0.00%,0:01:18,1
minnesota,1,1,0.00%,100.00%,0:15:49,0
mens,1,1,100.00%,0.00%,0:00:00,0
international relation,1,3,0.00%,33.33%,0:02:08,0
william carleton,1,2,0.00%,50.00%,0:28:15,2
john lucas,1,5,0.00%,20.00%,1:01:47,9
firenze,1,1,0.00%,100.00%,0:00:07,0
jerome lonnes,1,2,0.00%,0.00%,0:00:22,1
cadman,1,2,0.00%,50.00%,0:51:05,50
glen allen,1,1,0.00%,0.00%,0:14:00,9
men dorm,1,2,0.00%,50.00%,0:01:02,0
house plan,1,1,0.00%,100.00%,0:00:17,0
krlx,1,4,0.00%,25.00%,0:02:14,3
south pacific,1,1,0.00%,100.00%,0:01:01,1
Gavaras,1,5,100.00%,0.00%,0:01:59,0
advanced degree,1,1,0.00%,100.00%,0:06:34,1
towner,1,2,100.00%,0.00%,0:00:49,0
Welcome home: introducing cassat and memorial halls,1,1,0.00%,100.00%,0:01:08,0
steak,1,1,0.00%,100.00%,0:10:25,0
schiller gould,1,1,0.00%,100.00%,0:01:15,0
fall concert,1,1,0.00%,100.00%,0:03:17,0
Hospital,1,1,0.00%,100.00%,0:00:34,0
Brumfiel,1,2,100.00%,0.00%,0:01:03,0
Water,1,3,0.00%,33.33%,0:00:57,1
pets,1,1,0.00%,100.00%,0:00:08,0
henry tate,1,1,100.00%,0.00%,0:00:00,0
Ann Ulmer,1,2,100.00%,0.00%,0:00:27,0
Title IX,1,3,100.00%,0.00%,0:01:09,0
elijah stearns,1,1,0.00%,100.00%,0:00:11,0
bird plan,1,1,0.00%,100.00%,0:21:30,1
physics comps,1,1,0.00%,100.00%,0:00:10,0
doc persons,1,1,0.00%,100.00%,0:00:25,0
founder's court,1,7,0.00%,28.57%,0:01:21,3
Rachel Evans,1,3,0.00%,33.33%,0:00:49,1
saucedo,1,3,0.00%,66.67%,0:03:25,0
class wealth,1,1,0.00%,0.00%,0:02:05,3
heald,1,2,0.00%,50.00%,0:01:30,2
knight mascot,1,1,0.00%,100.00%,0:00:09,0
Kucera,1,2,100.00%,0.00%,0:00:19,0
Student rooms,1,2,0.00%,50.00%,0:00:10,0
crouter,1,1,0.00%,100.00%,0:00:47,0
executive committee minutes,1,7,0.00%,14.29%,0:11:17,3
Holmes,1,1,100.00%,0.00%,0:00:00,0
julia strand,1,3,0.00%,33.33%,0:01:05,0
student custodian,1,1,100.00%,0.00%,0:00:00,0
Visit oden,1,1,0.00%,100.00%,0:00:17,0
leaves,1,1,0.00%,100.00%,0:01:01,0
scoville elevation,1,5,0.00%,20.00%,0:03:15,2
Freedom summer,1,2,0.00%,50.00%,0:00:38,0
ted mullin,1,2,0.00%,0.00%,0:03:25,3
Heidelberg,1,2,100.00%,0.00%,0:00:07,0
kelley,1,1,0.00%,100.00%,0:03:43,0
liben-nowell,1,3,100.00%,0.00%,0:00:52,0
Boundary Waters,1,4,100.00%,0.00%,0:00:57,2
pontiac,1,2,100.00%,50.00%,0:02:01,0
reunion heywood,1,2,0.00%,50.00%,0:01:10,0
fossum,1,1,0.00%,100.00%,0:20:36,0
willard tuomi,1,1,0.00%,100.00%,0:04:22,3
Karen Eischens,1,6,100.00%,0.00%,0:02:54,0
wahl,1,6,0.00%,33.33%,0:00:57,0
Cambodia,1,2,0.00%,50.00%,0:00:21,0
fipse,1,2,0.00%,100.00%,0:01:21,0
charles culver,1,6,100.00%,0.00%,0:07:24,1
burgoyne,1,8,0.00%,12.50%,0:03:12,8
John Wilson,1,1,0.00%,100.00%,0:00:50,0
stephanie cox,1,2,0.00%,50.00%,0:01:39,0
nathaniel rosenblum,1,1,0.00%,100.00%,0:00:05,0
Parish,1,3,0.00%,33.33%,0:08:11,3
expelled,1,1,0.00%,100.00%,0:00:10,0
third year,1,2,100.00%,0.00%,0:00:07,0
mayo,1,1,0.00%,100.00%,0:00:28,0
"Sullivan Principles, South Africa",1,1,0.00%,100.00%,0:00:19,0
Dr. Culver,1,2,0.00%,50.00%,0:05:53,13
larry gould,1,2,0.00%,0.00%,0:01:51,5
rumor,1,1,0.00%,100.00%,0:00:06,0
Josephine healy,1,1,100.00%,0.00%,0:00:00,0
nude,1,1,0.00%,100.00%,0:00:05,0
Newsletters,1,1,0.00%,100.00%,0:01:45,0
alice,1,3,100.00%,33.33%,0:00:42,1
student chef,1,1,0.00%,100.00%,0:00:13,0
student services,1,1,100.00%,0.00%,0:00:00,0
douglass williams,1,1,100.00%,0.00%,0:00:00,0
soth,1,1,0.00%,100.00%,0:02:37,0
faculty breakfast,1,1,0.00%,100.00%,0:02:03,4
peter paul mary,1,1,100.00%,0.00%,0:00:00,0
Minnie Watson,1,1,100.00%,0.00%,0:00:00,0
cornils,1,2,100.00%,0.00%,0:00:36,0
weiner,1,4,0.00%,25.00%,0:00:22,0
Observations of sunspots and measures of solar photographs taken in the years 1889 to 1892 under the direction of William W. Payne,1,1,100.00%,0.00%,0:00:00,0
laird back,1,2,0.00%,0.00%,0:00:21,1
magazine,1,4,100.00%,0.00%,0:00:38,0
Strong presidential collection,1,1,0.00%,100.00%,0:00:12,0
Insider,1,3,0.00%,33.33%,0:01:09,0
geophysical,1,1,0.00%,100.00%,0:00:20,0
police blotter,1,1,100.00%,0.00%,0:00:00,0
ada mae harrison,1,1,0.00%,0.00%,0:01:05,2
abrams,1,3,0.00%,66.67%,0:05:28,0
danny fielder,1,1,0.00%,100.00%,0:00:12,0
Phyllis Flattery,1,1,100.00%,0.00%,0:00:00,0
rush holt,1,1,0.00%,100.00%,0:02:34,0
scoville interior,1,2,100.00%,0.00%,0:00:32,0
inside,1,4,100.00%,25.00%,0:01:15,0
intramural track,1,2,100.00%,0.00%,0:00:15,0
Janet MacLean,1,2,100.00%,0.00%,0:00:36,0
moore,1,5,100.00%,40.00%,0:01:31,0
shig,1,1,0.00%,100.00%,0:00:14,0
edith spooner,1,3,100.00%,0.00%,0:01:52,7
doug brust,1,1,0.00%,0.00%,0:03:07,6
Rick heydinger,1,3,100.00%,33.33%,0:01:10,0
Phone Booth,1,1,0.00%,100.00%,0:00:18,0
fabro,1,1,100.00%,0.00%,0:00:00,0
blue crosses,1,1,0.00%,100.00%,0:03:16,0
fall leisure,1,1,0.00%,100.00%,0:22:36,1
Farmstock,1,1,0.00%,100.00%,0:00:08,0
outreach,1,5,0.00%,20.00%,0:01:31,3
diet,1,2,0.00%,50.00%,0:07:29,1
perversity,1,1,0.00%,100.00%,0:00:11,0
neuroscience,1,7,100.00%,0.00%,0:03:43,14
sarah thorp,1,1,0.00%,0.00%,0:00:06,1
younger,1,1,100.00%,0.00%,0:00:00,0
societ,1,3,0.00%,33.33%,0:22:21,11
Robb E. Zaring,1,1,0.00%,100.00%,0:00:20,0
margret dietz,1,1,100.00%,0.00%,0:00:00,0
mohrig papers,1,3,0.00%,33.33%,0:02:38,0
fire willis,1,3,100.00%,0.00%,0:00:16,0
matron,1,3,0.00%,33.33%,0:00:08,0
laura,1,1,100.00%,0.00%,0:00:00,0
skiing,1,5,0.00%,0.00%,0:06:02,5
anne patrick,1,1,0.00%,100.00%,0:07:36,0
brown,1,3,0.00%,33.33%,0:01:20,0
Oral History Collection,1,1,0.00%,100.00%,0:00:23,0
hill family,1,1,0.00%,100.00%,0:00:48,0
literary societies,1,2,100.00%,0.00%,0:00:14,0
"hutchinson, merrill",1,7,100.00%,0.00%,0:03:27,0
cook,1,5,0.00%,20.00%,0:00:39,1
white america,1,5,0.00%,20.00%,0:01:13,0
Pat Merrill,1,1,0.00%,100.00%,0:00:14,0
john nason image,1,1,100.00%,0.00%,0:00:00,0
Hartley,1,2,0.00%,0.00%,0:36:46,18
shave,1,1,100.00%,0.00%,0:00:00,0
stop kiss,1,1,0.00%,100.00%,0:00:58,2
Nova,1,2,0.00%,0.00%,0:00:44,3
CONGREGATIONAL,1,2,100.00%,0.00%,0:00:09,0
bragg shoutin,1,3,0.00%,33.33%,0:02:25,0
faculty file,1,2,0.00%,50.00%,0:02:56,2
mary sinclair crawford,1,1,100.00%,0.00%,0:00:00,0
olin hall,1,5,0.00%,20.00%,0:04:01,3
french,1,2,100.00%,0.00%,0:00:58,2
o'keefe,1,4,100.00%,0.00%,0:00:25,0
m h abrams,1,1,100.00%,0.00%,0:00:00,0
berta mcpike,1,1,0.00%,100.00%,0:00:12,0
how do I g,1,2,0.00%,100.00%,0:00:57,0
frazee,1,1,100.00%,0.00%,0:00:00,0
bucy,1,1,0.00%,100.00%,0:00:14,0
Borg,1,3,100.00%,0.00%,0:00:27,0
pillow,1,5,0.00%,20.00%,0:21:40,4
thorp heald,1,1,0.00%,100.00%,0:00:08,0
Naegele,1,1,100.00%,0.00%,0:00:00,0
dopman,1,2,100.00%,0.00%,0:00:12,0
missionaries,1,2,100.00%,0.00%,0:00:11,0
Milton minkin,1,2,100.00%,0.00%,0:00:44,0
nishiyama,1,9,100.00%,0.00%,0:06:15,0
mascot,1,1,0.00%,100.00%,0:00:26,0
graphic,1,2,0.00%,50.00%,0:00:25,0
rutherford,1,4,100.00%,0.00%,0:00:53,0
reviews,1,2,0.00%,50.00%,0:29:19,4
shedd,1,3,100.00%,0.00%,0:00:11,0
scharding druid,1,2,0.00%,50.00%,0:00:41,0
SARS,1,2,100.00%,0.00%,0:00:23,0
deceased,1,1,0.00%,100.00%,0:00:16,0
correspondence musser,1,1,0.00%,100.00%,0:00:16,0
Frank B. Kellogg,1,5,0.00%,0.00%,0:01:28,3
noon news,1,2,0.00%,50.00%,0:01:23,0
winter,1,1,0.00%,100.00%,0:02:08,0
"katie blanchard, garden",1,1,0.00%,100.00%,0:00:35,0
Chaney,1,2,0.00%,50.00%,0:00:22,0
dinner,1,2,0.00%,50.00%,0:00:29,0
reformed druid anthology,1,1,100.00%,0.00%,0:00:00,0
formal dances and dinners,1,2,100.00%,0.00%,0:00:05,0
Roberta Gavin,1,4,100.00%,0.00%,0:05:19,1
mormon,1,1,100.00%,0.00%,0:00:00,0
American Mission Association,1,5,100.00%,0.00%,0:01:43,0
tryphena,1,1,0.00%,100.00%,0:00:23,0
jim mcdonnell,1,4,0.00%,25.00%,0:03:12,0
renovation,1,1,0.00%,100.00%,0:00:30,0
middle school utility,1,1,0.00%,100.00%,0:00:38,0
group,1,1,0.00%,100.00%,0:00:14,0
english comps,1,4,100.00%,25.00%,0:00:49,0
mcarthur,1,1,0.00%,100.00%,0:00:15,0
how do I get a picture,1,1,0.00%,100.00%,0:00:40,0
Jerry scoutt,1,2,100.00%,0.00%,0:00:24,0
suspension,1,2,0.00%,50.00%,0:02:16,0
Ames Mill,1,3,0.00%,33.33%,0:00:21,0
Blythe,1,1,0.00%,100.00%,0:02:06,7
introduce,1,4,0.00%,50.00%,0:00:35,0
dacie,1,1,100.00%,0.00%,0:00:00,0
Paul Clifford Domke,1,2,0.00%,50.00%,0:05:13,0
development function,1,2,0.00%,50.00%,0:05:09,0
goat,1,6,0.00%,16.67%,0:00:57,4
fred mary lantern,1,1,0.00%,100.00%,0:00:06,0
menagerie,1,1,0.00%,0.00%,0:25:41,61
Parker Palmer,1,1,100.00%,0.00%,0:00:00,0
aerial photos,1,4,100.00%,0.00%,0:00:18,1
Eugene Bailey,1,7,0.00%,0.00%,0:02:33,3
lesson,1,1,0.00%,100.00%,0:00:20,0
Barry rust,1,2,100.00%,0.00%,0:00:40,0
ymca,1,2,100.00%,0.00%,0:00:05,0
Paula C. Domke,1,1,100.00%,0.00%,0:00:00,0
Alfred L. Alley,1,2,0.00%,0.00%,0:03:20,3
laura roach,1,4,0.00%,25.00%,0:00:53,0
goto,1,2,0.00%,50.00%,0:00:35,0
obituaries,1,1,100.00%,0.00%,0:00:00,0
harriet skinner,1,6,0.00%,16.67%,0:12:10,5
other comps,1,2,0.00%,50.00%,0:13:43,0
singing knights,1,2,100.00%,0.00%,0:00:13,0
Nutting Memorial Drive,1,1,0.00%,100.00%,0:00:14,0
john williams wingate,1,4,0.00%,25.00%,0:01:44,0
Hollywood,1,2,0.00%,50.00%,0:00:20,0
dinnergram,1,1,0.00%,100.00%,0:00:06,0
wuensch,1,1,0.00%,100.00%,0:00:15,0
carson,1,4,0.00%,50.00%,0:01:12,0
Annual Fund,1,4,100.00%,0.00%,0:03:26,0
draft,1,1,0.00%,100.00%,0:00:08,0
white,1,3,0.00%,33.33%,0:00:38,2
brees,1,1,0.00%,100.00%,0:01:43,0
speaking,1,1,0.00%,100.00%,0:01:02,0
first class,1,1,0.00%,100.00%,0:00:46,0
broadcast,1,1,0.00%,100.00%,0:09:47,0
International weekend,1,8,0.00%,25.00%,0:11:33,2
diana lesch,1,2,100.00%,0.00%,0:01:18,0
skinner memo,1,2,0.00%,50.00%,0:00:16,0
steve kelly,1,1,0.00%,100.00%,0:17:36,1
winifred steele,1,2,100.00%,0.00%,0:00:27,0
willis lounge,1,1,0.00%,100.00%,0:12:07,0
attention percentage,1,1,100.00%,0.00%,0:00:00,0
Allen Memorial Hospital,1,4,0.00%,25.00%,0:01:19,2
Mary Jones,1,6,0.00%,16.67%,0:00:57,1
akita,1,1,0.00%,100.00%,0:00:46,1
Raymond Jacobson,1,1,0.00%,100.00%,0:00:10,0
football laird,1,2,0.00%,50.00%,0:23:22,2
marathon,1,2,0.00%,50.00%,0:22:01,0
mary gerth,1,1,100.00%,0.00%,0:00:00,0
peter p bundy,1,3,100.00%,0.00%,0:01:06,0
future of trusteeship,1,2,100.00%,0.00%,0:02:37,0
alice lowe,1,2,0.00%,50.00%,0:09:58,1
wino,1,3,0.00%,33.33%,0:02:49,1
equestrian,1,2,0.00%,50.00%,0:00:39,0
rehearsal,1,7,0.00%,14.29%,0:02:26,5
Ned Heckman,1,1,0.00%,0.00%,0:00:25,2
Module,1,2,100.00%,0.00%,0:01:03,0
joseph hegrood,1,1,0.00%,100.00%,0:00:23,0
talk radio,1,1,0.00%,100.00%,0:00:24,0
student theater,1,3,0.00%,33.33%,0:00:45,2
hp 2100,1,1,0.00%,100.00%,0:01:08,0
Women's Gym,1,7,0.00%,14.29%,0:27:02,2
haskins,1,3,0.00%,0.00%,0:01:56,1
Nancy Soth,1,2,0.00%,50.00%,0:00:36,1
Sports Mug Shots,1,1,0.00%,0.00%,0:06:51,4
Previous Hall of Fame recipients,1,1,100.00%,0.00%,0:00:00,0
steak night,1,1,0.00%,100.00%,0:02:44,0
academic planner,1,2,0.00%,50.00%,0:00:29,0
vernis,1,1,0.00%,100.00%,0:00:04,0
black,1,3,0.00%,33.33%,0:08:26,2
sketchbooks,1,1,0.00%,0.00%,0:00:43,5
cannon,1,4,100.00%,0.00%,0:00:46,0
ethel ackerman,1,2,0.00%,50.00%,0:04:28,0
freshman housing,1,1,0.00%,100.00%,0:00:14,0
nutting family,1,2,100.00%,0.00%,0:00:05,0
mormon and blacks,1,1,0.00%,100.00%,0:00:10,0
Butt end,1,3,0.00%,33.33%,0:01:33,0
faribault state school,1,2,0.00%,0.00%,0:01:47,1
naked,1,1,0.00%,100.00%,0:00:41,0
employee recognition,1,2,0.00%,50.00%,0:00:22,0
Ken Roberts,1,1,100.00%,0.00%,0:00:00,0
skin deep,1,2,0.00%,0.00%,0:03:33,1
seal,1,1,0.00%,100.00%,0:00:27,0
west hall interior,1,2,0.00%,50.00%,0:06:09,7
john musser,1,1,0.00%,100.00%,0:05:44,0
takeyama,1,1,100.00%,0.00%,0:00:00,0
schuster,1,3,0.00%,66.67%,0:00:53,0
Project Friendship,1,2,0.00%,50.00%,0:00:42,2
keeping faith,1,1,0.00%,100.00%,0:05:09,2
womens guide,1,1,100.00%,0.00%,0:00:00,0
Guy chase,1,3,0.00%,0.00%,0:02:09,1
Charles Henry maxwell,1,4,100.00%,25.00%,0:02:19,2
corriente,1,2,0.00%,50.00%,0:00:20,0
Fred B. Hill,1,4,0.00%,25.00%,0:00:44,2
lacy staisch,1,2,100.00%,0.00%,0:00:18,0
Zoology,1,1,0.00%,100.00%,0:01:08,0
mama lere home,1,1,0.00%,100.00%,0:00:13,0
arnold eisen,1,2,0.00%,50.00%,0:00:58,0
overview,1,1,0.00%,100.00%,0:00:15,0
3rd Musser,1,3,0.00%,33.33%,0:00:56,4
welcome home,1,1,0.00%,100.00%,0:00:08,0
michael the syrian,1,1,100.00%,0.00%,0:00:00,0
dean of men,1,1,0.00%,100.00%,0:00:21,0
west,1,1,0.00%,100.00%,0:00:17,0
bug concert,1,3,100.00%,0.00%,0:00:17,0
susan robiner,1,1,100.00%,0.00%,0:00:00,0
charles shedd,1,3,0.00%,33.33%,0:00:50,0
Child's christmas,1,3,100.00%,0.00%,0:01:49,0
jonathan c. gibbs,1,1,100.00%,0.00%,0:00:00,0
off campus studies,1,2,0.00%,50.00%,0:02:20,0
granrud,1,1,0.00%,100.00%,0:00:51,0
mike barnes,1,1,0.00%,100.00%,0:00:34,0
sollid,1,1,0.00%,100.00%,0:00:08,0
unknown date,1,1,0.00%,100.00%,0:00:14,0
library bookstore,1,2,0.00%,50.00%,0:20:36,0
hamaji,1,1,0.00%,100.00%,0:00:13,0
merzifon,1,4,0.00%,25.00%,0:01:06,2
section c,1,1,0.00%,100.00%,0:00:45,0
Nachtigall,1,4,0.00%,25.00%,0:13:03,6
goodsell gazette,1,2,0.00%,50.00%,0:00:52,0
public decisions,1,1,0.00%,100.00%,0:00:18,0
events,1,1,0.00%,100.00%,0:33:20,12
honorary musser,1,2,100.00%,0.00%,0:00:05,0
mike barnett,1,2,100.00%,0.00%,0:01:50,0
mahanger,1,1,0.00%,0.00%,0:00:48,1
Student Social Cooperative,1,1,100.00%,0.00%,0:00:00,0
botanica,1,1,0.00%,100.00%,0:00:19,0
Oral History Program,1,2,100.00%,0.00%,0:00:24,0
blayney,1,2,0.00%,100.00%,0:05:09,0
willabel cole mitchell,1,2,0.00%,0.00%,0:01:00,1
scholarship,1,3,100.00%,0.00%,0:26:13,2
pachl,1,1,0.00%,100.00%,0:21:55,5
konrad liegel,1,4,0.00%,50.00%,0:00:53,0
rose,1,1,0.00%,100.00%,0:00:21,0
samples,1,3,0.00%,33.33%,0:19:35,0
dunham,1,2,0.00%,50.00%,0:00:53,0
sovik quanb,1,1,100.00%,0.00%,0:00:00,0
zulu,1,1,0.00%,100.00%,0:11:19,0
read,1,2,0.00%,0.00%,0:00:25,1
CPTP,1,1,0.00%,100.00%,0:00:13,0
papers,1,1,0.00%,0.00%,0:00:21,3
libe,1,2,100.00%,0.00%,0:18:39,0
barry casper,1,2,0.00%,50.00%,0:01:05,2
college life in the 60s,1,1,100.00%,0.00%,0:00:00,0
kelly conlin,1,3,100.00%,0.00%,0:01:27,0
jim watkins,1,1,0.00%,100.00%,0:00:20,0
jeremy harrell,1,2,100.00%,0.00%,0:00:13,0
kevin donovan,1,2,100.00%,0.00%,0:00:08,0
daniel casper,1,2,0.00%,50.00%,0:11:04,0
lightning,1,1,0.00%,100.00%,0:13:06,0
urback,1,2,0.00%,100.00%,0:00:11,0
tower,1,2,0.00%,50.00%,0:00:24,0
Walwyn,1,6,100.00%,0.00%,0:00:50,0
wiprud,1,1,0.00%,100.00%,0:00:12,0
gretchen leiterman,1,4,100.00%,0.00%,0:02:36,2
dwight eisenhower,1,5,0.00%,0.00%,0:03:25,2
garnett,1,1,100.00%,0.00%,0:00:00,0
eisenhuth,1,2,0.00%,50.00%,0:22:31,0
gridley man,1,1,0.00%,100.00%,0:16:49,0
William stokes,1,5,100.00%,0.00%,0:04:21,0
compulsion,1,2,0.00%,100.00%,0:00:12,0
duniway,1,1,0.00%,100.00%,0:15:45,14
Timothy Gerhold,1,1,0.00%,0.00%,0:12:13,9
Paul Dillenberger,1,2,0.00%,50.00%,0:21:31,1
affording,1,1,0.00%,100.00%,0:00:20,0
aphrodite,1,1,0.00%,100.00%,0:00:18,0
jane andrews,1,1,0.00%,100.00%,0:01:49,0
Neil Evans,1,1,100.00%,0.00%,0:00:00,0
spss,1,1,0.00%,100.00%,0:05:04,0
sunday morning speakers,1,2,100.00%,0.00%,0:00:07,0
philomath,1,1,0.00%,100.00%,0:03:26,3
ABBY FURNESS,1,1,0.00%,100.00%,0:03:25,0
rueb,1,2,0.00%,0.00%,0:00:36,1
lucchesi,1,1,0.00%,100.00%,0:00:10,0
Alvis Lee Tinnin,1,2,0.00%,50.00%,0:06:13,1
night dream,1,1,100.00%,0.00%,0:00:00,0
liang,1,2,0.00%,50.00%,0:00:30,0
Strong papers,1,2,100.00%,50.00%,0:00:38,0
Charles Fortney,1,3,0.00%,33.33%,0:00:52,0
Elizabeth Kitchens Gordon,1,3,100.00%,0.00%,0:01:47,0
Civil Rights,1,1,0.00%,100.00%,0:00:36,0
meter bowl,1,1,0.00%,100.00%,0:00:05,0
terry schlink,1,1,100.00%,0.00%,0:00:00,0
van koughnett,1,1,100.00%,0.00%,0:00:00,0
cross country,1,2,100.00%,0.00%,0:00:03,0
deer,1,1,100.00%,0.00%,0:00:00,0
daniel alabi,1,1,100.00%,0.00%,0:00:00,0
Estey,1,1,0.00%,100.00%,0:00:36,0
minnesota private college hour,1,1,100.00%,0.00%,0:00:00,0
sheet music,1,3,0.00%,33.33%,0:00:20,1
rawit,1,1,0.00%,100.00%,0:21:11,0
58ers,1,1,0.00%,100.00%,0:00:09,0
mathematics,1,1,0.00%,100.00%,0:00:25,0
Religious services,1,1,0.00%,100.00%,0:00:15,0
Mission Board,1,3,100.00%,33.33%,0:13:55,0
shelter,1,1,100.00%,0.00%,0:00:00,0
Gocker,1,1,100.00%,0.00%,0:00:00,0
pear,1,3,0.00%,33.33%,0:02:39,5
gifts,1,2,100.00%,0.00%,0:01:09,0
brotherhood,1,1,0.00%,100.00%,0:00:12,0
vick tim,1,1,100.00%,0.00%,0:00:00,0
calendar discussion,1,6,100.00%,0.00%,0:14:45,0
dennis josephs,1,3,0.00%,0.00%,0:09:07,18
Hoban,1,1,100.00%,0.00%,0:00:00,0
holman,1,1,100.00%,0.00%,0:00:00,0
hadzi,1,2,0.00%,50.00%,0:00:59,2
independent study,1,3,0.00%,66.67%,0:17:14,3
schroeer,1,2,100.00%,0.00%,0:00:12,0
zappa,1,1,100.00%,0.00%,0:00:00,0
Nazro,1,2,100.00%,0.00%,0:00:24,0
arthur haskell wingate,1,1,100.00%,0.00%,0:00:00,0
scoville drawing,1,1,0.00%,100.00%,0:00:11,0
apartment,1,1,0.00%,100.00%,0:01:09,0
metric football,1,2,100.00%,0.00%,0:00:14,0
alvarez,1,1,0.00%,100.00%,0:00:29,1
smile,1,1,0.00%,100.00%,0:00:12,0
crest,1,1,100.00%,0.00%,0:00:00,0
health service,1,2,100.00%,0.00%,0:00:17,0
"Shoger, Ross L",1,1,0.00%,0.00%,0:30:37,10
fall leaves,1,1,0.00%,100.00%,0:00:22,0
returning,1,1,0.00%,100.00%,0:22:55,0
brownson,1,7,100.00%,0.00%,0:02:33,5
president strong,1,1,0.00%,100.00%,0:02:50,0
senior prom,1,2,0.00%,0.00%,0:00:16,1
morley,1,17,0.00%,0.00%,0:36:27,8
mac matter,1,2,100.00%,0.00%,0:00:31,0
caucasian,1,1,0.00%,100.00%,0:00:10,0
hendee,1,1,100.00%,0.00%,0:00:00,0
bell field,1,5,0.00%,20.00%,0:03:50,5
Pilot Training,1,1,0.00%,100.00%,0:00:14,0
Laird Annex,1,5,0.00%,20.00%,0:01:53,1
Donald greig,1,2,100.00%,50.00%,0:00:21,0
president edwards,1,3,0.00%,33.33%,0:00:27,1
honors independent,1,4,0.00%,25.00%,0:01:35,0
reine,1,1,0.00%,100.00%,0:01:15,0
Burridge,1,1,0.00%,100.00%,0:02:28,5
extremities,1,1,0.00%,100.00%,0:00:14,0
schlesinger,1,2,0.00%,100.00%,0:00:26,0
Karin Eckholm Bracke,1,1,100.00%,0.00%,0:00:00,0
carleton moves confidently,1,2,100.00%,0.00%,0:00:10,0
joseph havens,1,1,0.00%,100.00%,0:02:40,0
legend,1,2,0.00%,50.00%,0:00:38,0
airport,1,3,100.00%,0.00%,0:00:31,0
leoung,1,1,0.00%,100.00%,0:00:25,0
veblen america,1,1,0.00%,100.00%,0:00:25,0
family,1,1,0.00%,100.00%,0:13:14,1
tollefson,1,10,100.00%,0.00%,0:02:30,3
Cedi,1,2,100.00%,0.00%,0:00:13,0
Allen G. Burgoyne,1,4,0.00%,25.00%,0:04:12,6
the voice,1,3,0.00%,33.33%,0:02:12,1
William pye,1,1,0.00%,100.00%,0:01:08,0
alice hills,1,1,100.00%,0.00%,0:00:00,0
Shana Crosson,1,2,0.00%,50.00%,0:00:32,0
normand patton,1,1,0.00%,0.00%,0:00:08,1
mori,1,1,0.00%,100.00%,0:00:20,0
israel,1,2,0.00%,0.00%,0:01:01,1
admissions,1,5,0.00%,60.00%,0:05:47,0
correspondence glenn allen,1,3,0.00%,33.33%,0:02:09,1
antigone,1,2,0.00%,50.00%,0:00:36,0
kevin mcdonough,1,3,100.00%,0.00%,0:00:29,0
george lyman,1,4,0.00%,25.00%,0:30:29,5
goldsbury,1,4,0.00%,25.00%,0:06:20,0
Gymnasium,1,7,0.00%,28.57%,0:02:40,5
rec center,1,2,0.00%,50.00%,0:01:14,2
Debra McCray,1,2,0.00%,100.00%,0:00:22,1
angelique dietz,1,1,100.00%,0.00%,0:00:00,0
patton,1,6,0.00%,16.67%,0:01:11,4
John dyer-bennett,1,1,0.00%,100.00%,0:02:09,0
student lab,1,6,0.00%,16.67%,0:02:32,4
David fritz,1,1,0.00%,100.00%,0:00:28,0
Max Margulis,1,2,100.00%,0.00%,0:00:08,0
vergil birthday,1,1,100.00%,0.00%,0:00:00,0
David Stowe,1,5,0.00%,20.00%,0:02:33,0
orbits,1,1,100.00%,0.00%,0:00:00,0
ino watson,1,1,0.00%,100.00%,0:00:27,0
Education of California between 1916-1940,1,1,100.00%,0.00%,0:00:00,0
bill jacobs,1,2,100.00%,0.00%,0:02:13,0
jeffery s hager,1,1,100.00%,0.00%,0:00:00,0
Reunion binder,1,3,0.00%,33.33%,0:02:10,0
ondich,1,5,0.00%,0.00%,0:01:56,1
Jordan Smith,1,3,100.00%,0.00%,0:00:23,0
serena anderson,1,1,0.00%,100.00%,0:01:43,0
attendance requirement,1,1,100.00%,0.00%,0:00:00,0
warner ogden,1,2,0.00%,0.00%,0:10:21,9
deeds,1,1,100.00%,0.00%,0:00:00,0
acting in the community together,1,3,0.00%,33.33%,0:00:46,2
Dexter Lufkin,1,3,100.00%,0.00%,0:02:26,2
edith garrison Reynolds,1,2,100.00%,50.00%,0:00:26,0
skinner organ,1,1,100.00%,0.00%,0:00:00,0
jim fisher,1,2,0.00%,50.00%,0:10:59,0
good,1,9,0.00%,11.11%,0:04:19,3
field before construction,1,1,0.00%,100.00%,0:00:15,0
abroad bierman,1,2,0.00%,0.00%,0:07:35,1
sam havens,1,5,100.00%,0.00%,0:01:48,0
munem,1,2,0.00%,50.00%,0:20:18,0
pegasus,1,1,0.00%,100.00%,0:16:56,0
hening,1,1,100.00%,0.00%,0:00:00,0
alford,1,3,100.00%,0.00%,0:01:56,0
door open always,1,1,0.00%,100.00%,0:12:05,3
goofy,1,1,0.00%,100.00%,0:00:07,0
leap year choice,1,1,0.00%,100.00%,0:21:49,5
joseph haywood,1,1,0.00%,100.00%,0:00:28,0
david cohen,1,3,100.00%,0.00%,0:01:58,2
lantern,1,1,0.00%,100.00%,0:00:16,0
lambooy,1,1,0.00%,100.00%,0:32:24,13
bruce morrison,1,11,0.00%,9.09%,0:13:31,12
news bulletin,1,2,0.00%,50.00%,0:03:44,0
yoshida,1,1,0.00%,100.00%,0:00:31,0
slave,1,1,0.00%,100.00%,0:00:59,0
Borman,1,1,100.00%,0.00%,0:00:00,0
psychology,1,1,100.00%,0.00%,0:00:00,0
research,1,3,0.00%,33.33%,0:00:53,1
eloise cadman,1,1,0.00%,100.00%,0:00:10,0
mudd hll,1,1,0.00%,100.00%,0:00:04,0
prince david,1,2,0.00%,50.00%,0:01:04,2
women's caucus,1,3,0.00%,33.33%,0:00:36,0
Minnie M. Dilley,1,4,0.00%,25.00%,0:02:21,4
oral interviews,1,3,0.00%,33.33%,0:02:07,0
oscar penguin,1,3,100.00%,33.33%,0:00:23,1
Konnie Olson,1,1,0.00%,100.00%,0:00:10,0
fischer,1,2,0.00%,50.00%,0:00:11,0
howard swearer,1,3,0.00%,33.33%,0:00:47,4
radical,1,1,0.00%,0.00%,0:02:36,3
opening of cmc,1,1,0.00%,100.00%,0:00:06,0
Schjeldahl,1,1,0.00%,0.00%,0:00:45,3
tate,1,1,0.00%,100.00%,0:00:31,0
leighton,1,6,0.00%,16.67%,0:01:07,3
station,1,2,0.00%,100.00%,0:02:01,0
first sex,1,1,0.00%,100.00%,0:08:39,0
bechtel,1,1,0.00%,100.00%,0:08:00,46
haile selassie,1,2,100.00%,0.00%,0:00:36,0
faculty administration social policy,1,2,0.00%,50.00%,0:19:31,0
woolsey,1,2,0.00%,0.00%,0:00:13,1
nutting drive,1,1,0.00%,100.00%,0:20:12,1
rain,1,1,100.00%,0.00%,0:00:00,0
Department of Biography,1,1,0.00%,100.00%,0:00:06,0
carnage,1,1,0.00%,100.00%,0:00:12,0
john blyth leith,1,1,100.00%,0.00%,0:00:00,0
tisdale,1,1,0.00%,100.00%,0:00:07,0
prairie,1,3,0.00%,33.33%,0:00:48,0
addresses occupations,1,1,0.00%,100.00%,0:00:18,0
w. h. laird,1,3,100.00%,0.00%,0:00:35,0
nason papers,1,2,0.00%,50.00%,0:12:23,0
James Flint,1,1,0.00%,100.00%,0:00:42,0
ldc window,1,1,0.00%,100.00%,0:00:12,0
graffiti,1,2,0.00%,50.00%,0:16:03,1
Weddle,1,2,100.00%,0.00%,0:00:11,0
somogyi,1,1,100.00%,0.00%,0:00:00,0
martha weidner,1,3,0.00%,33.33%,0:00:31,0
Mrs.evans,1,1,100.00%,0.00%,0:00:00,0
serena,1,1,0.00%,100.00%,0:00:16,0
thespian,1,1,0.00%,100.00%,0:00:34,3
salmon,1,1,0.00%,100.00%,0:06:14,0
Rudolphy,1,2,100.00%,0.00%,0:00:41,0
Alternating Sign Matrices,1,1,100.00%,0.00%,0:00:00,0
scott bierman,1,1,0.00%,100.00%,0:04:50,0
tea room photos,1,3,100.00%,0.00%,0:00:23,0
hill diary,1,3,0.00%,33.33%,0:07:04,0
paye plan report,1,3,0.00%,33.33%,0:11:11,3
odanaka,1,1,0.00%,100.00%,0:00:27,0
arena theatre,1,3,0.00%,33.33%,0:03:49,0
bilingual,1,1,0.00%,100.00%,0:03:51,0
mini bald spot,1,1,0.00%,100.00%,0:00:14,0
water color,1,1,100.00%,0.00%,0:00:00,0
notation,1,2,0.00%,100.00%,0:00:15,1
Rosenfeld,1,2,100.00%,0.00%,0:00:18,0
faculty long range planning,1,2,100.00%,0.00%,0:00:04,0
Hogie,1,2,100.00%,0.00%,0:00:35,0
doil wang,1,1,0.00%,0.00%,0:00:29,3
Bridgewater,1,1,100.00%,0.00%,0:00:00,0
culture,1,1,0.00%,100.00%,0:03:31,0
Nason Collection,1,1,0.00%,100.00%,0:00:26,0
gladys l greaves,1,5,100.00%,0.00%,0:08:27,0
modest records,1,1,100.00%,0.00%,0:00:00,0
Jarrett,1,2,100.00%,0.00%,0:00:22,0
Tim Godfrey,1,1,100.00%,0.00%,0:00:00,0
oishi,1,1,0.00%,100.00%,0:00:08,0
missing,1,2,100.00%,0.00%,0:00:42,0
puzak endowment,1,1,0.00%,100.00%,0:04:04,0
Arakel,1,5,0.00%,0.00%,0:04:30,3
kagan-kans,1,1,0.00%,100.00%,0:00:13,0
john westbrook,1,2,100.00%,0.00%,0:00:57,0
miriam skinner,1,1,0.00%,0.00%,0:00:16,1
experimental,1,3,0.00%,33.33%,0:00:19,2
student garden,1,4,100.00%,0.00%,0:16:57,0
james p bird,1,4,0.00%,0.00%,0:03:53,3
pete sickle,1,3,0.00%,33.33%,0:02:45,1
bridge snow,1,1,0.00%,100.00%,0:05:05,1
Alice F. Smith,1,2,100.00%,0.00%,0:00:35,0
Pranks,1,2,0.00%,50.00%,0:00:46,0
people gather in one house for new year2014,1,1,0.00%,0.00%,0:00:55,2
reverend neil,1,2,0.00%,50.00%,0:15:28,1
comps robert daniels,1,1,100.00%,0.00%,0:00:00,0
fire,1,4,0.00%,25.00%,0:01:12,0
Graduation,1,3,0.00%,33.33%,0:09:38,26
steve lynch,1,1,100.00%,0.00%,0:00:00,0
william dean,1,2,100.00%,0.00%,0:00:06,0
Adade,1,1,0.00%,100.00%,0:00:23,1
publications miscellany,1,1,0.00%,100.00%,0:00:10,0
budget,1,1,0.00%,100.00%,0:00:24,0
College,1,1,0.00%,100.00%,0:00:12,0
Sandra Sacia Lewis,1,2,100.00%,0.00%,0:05:10,0
miss evans,1,7,0.00%,28.57%,0:03:27,6
cassat,1,1,0.00%,100.00%,0:00:22,0
troya,1,1,100.00%,0.00%,0:00:00,0
classmates,1,1,0.00%,100.00%,0:00:14,0
power and passion,1,1,0.00%,0.00%,0:00:52,5
municipal liquor,1,1,0.00%,100.00%,0:00:09,0
assignment,1,1,0.00%,100.00%,0:01:07,0
group plan,1,2,100.00%,0.00%,0:00:03,0
moving,1,1,0.00%,100.00%,0:01:47,0
Elizabeth Phelps Dunn,1,1,100.00%,0.00%,0:00:00,0
old willis hall,1,6,0.00%,0.00%,0:01:32,4
crucible,1,2,0.00%,50.00%,0:00:42,1
who we are,1,1,0.00%,100.00%,0:02:11,4
Masur,1,1,100.00%,0.00%,0:00:00,0
canoe house,1,1,100.00%,0.00%,0:00:00,0
Housewife,1,1,0.00%,100.00%,0:00:15,0
"barbour, george",1,1,100.00%,0.00%,0:00:00,0
antarctic treaty,1,1,0.00%,100.00%,0:01:28,0
Fukuoka,1,1,0.00%,100.00%,0:00:09,0
mission* (Turk* OR Armenia* OR Kurd*),1,2,0.00%,100.00%,0:00:31,0
maribeth moore,1,2,0.00%,100.00%,0:00:21,0
Sedgwick,1,4,0.00%,0.00%,0:05:03,3
zlatnik,1,2,100.00%,0.00%,0:00:56,0
multicultural,1,1,0.00%,100.00%,0:01:56,0
immunization,1,2,0.00%,50.00%,0:00:34,0
hudlin,1,4,100.00%,25.00%,0:02:51,1
ecology,1,1,100.00%,0.00%,0:00:00,0
goshorn,1,2,100.00%,50.00%,0:05:32,1
Herrick,1,4,100.00%,0.00%,0:00:35,0
roy beese,1,1,0.00%,100.00%,0:00:12,0
back,1,4,0.00%,0.00%,0:01:24,3
Jake Jacobson,1,1,100.00%,0.00%,0:00:00,0
UCCF,1,1,0.00%,100.00%,0:00:10,0
skinner chappel,1,1,0.00%,100.00%,0:00:16,0
99 day march,1,3,0.00%,33.33%,0:00:19,0
third world,1,9,0.00%,0.00%,0:29:10,4
Stewsie,1,1,100.00%,0.00%,0:00:00,0
digitized,1,1,0.00%,100.00%,0:00:15,0
eating,1,4,0.00%,25.00%,0:03:28,3
Crosson,1,1,0.00%,100.00%,0:00:10,0
Predecessor to CSA,1,1,0.00%,100.00%,0:00:10,1
niebyl,1,2,0.00%,100.00%,0:26:41,1
akiyama,1,5,0.00%,20.00%,0:01:24,0
goodhue bigelow,1,4,100.00%,0.00%,0:01:13,0
clinton,1,2,0.00%,50.00%,0:00:46,2
suspension bridge,1,6,0.00%,33.33%,0:02:51,3
elizabeth reedy,1,8,100.00%,0.00%,0:10:31,3
Jesse Ames,1,3,100.00%,0.00%,0:01:21,0
toff,1,2,0.00%,50.00%,0:00:18,0
history of the library,1,1,100.00%,0.00%,0:00:00,0
plan of basement,1,1,0.00%,0.00%,0:37:18,4
robert parsonage,1,1,0.00%,0.00%,0:00:44,1
Van Cliburn,1,1,0.00%,0.00%,0:00:37,1
in technos,1,1,0.00%,100.00%,0:00:22,0
Reginald Government,1,1,0.00%,0.00%,0:04:13,1
percy watson,1,1,100.00%,0.00%,0:00:00,0
Asia House,1,4,0.00%,0.00%,0:00:52,1
Jensch,1,11,0.00%,9.09%,0:07:33,8
ling,1,2,0.00%,50.00%,0:01:15,2
Rotary Club,1,3,100.00%,0.00%,0:00:34,0
moses door,1,1,0.00%,100.00%,0:05:34,2
trail guide,1,1,0.00%,100.00%,0:00:21,0
misaki,1,1,0.00%,100.00%,0:00:08,0
john r caton,1,3,100.00%,0.00%,0:06:31,3
course information,1,2,0.00%,50.00%,0:00:23,0
planting a tree,1,2,0.00%,50.00%,0:02:44,2
bernice bailey,1,2,0.00%,50.00%,0:01:13,0
martha williams,1,2,100.00%,0.00%,0:00:15,0
lyman lake wood bridges,1,1,0.00%,100.00%,0:02:44,4
treaty,1,1,100.00%,0.00%,0:00:00,0
marie jensen,1,1,100.00%,0.00%,0:00:00,0
rosalind johnson,1,1,0.00%,100.00%,0:00:11,0
fiftieth,1,2,100.00%,0.00%,0:00:04,0
edwards,1,2,0.00%,50.00%,0:02:38,5
edward lindberg,1,1,0.00%,100.00%,0:14:46,13
vigil,1,1,0.00%,100.00%,0:00:19,0
pettit,1,4,100.00%,0.00%,0:02:06,0
Ann Niles,1,2,0.00%,0.00%,0:00:21,1
trail,1,4,100.00%,0.00%,0:00:30,0
rottke,1,1,100.00%,0.00%,0:00:00,0
lafayette,1,2,100.00%,0.00%,0:00:15,0
women's recreational association,1,1,0.00%,100.00%,0:00:08,0
elaine blatt,1,1,0.00%,100.00%,0:03:22,0
William H laird,1,1,0.00%,0.00%,0:03:03,8
tai chi,1,1,100.00%,0.00%,0:00:00,0
data processing,1,2,0.00%,50.00%,0:01:30,1
Chain mail,1,1,0.00%,100.00%,0:00:10,0
chapel america,1,1,0.00%,100.00%,0:01:42,0
young,1,1,100.00%,0.00%,0:00:00,0
Human Relations Council,1,1,0.00%,100.00%,0:00:14,0
first week,1,1,0.00%,100.00%,0:01:38,1
topical files,1,3,0.00%,33.33%,0:20:58,1
Organ,1,1,0.00%,100.00%,0:00:51,0
WRA,1,1,100.00%,0.00%,0:00:00,0
lucian chaney,1,5,0.00%,0.00%,0:01:15,1
stromberg,1,1,100.00%,0.00%,0:00:00,0
Early commercial development,1,1,100.00%,0.00%,0:00:00,0
miscellaneous events,1,1,0.00%,100.00%,0:00:42,0
william muir,1,6,0.00%,0.00%,0:03:45,1
stimson,1,1,0.00%,0.00%,0:00:54,3
Ann Siebert,1,3,100.00%,0.00%,0:00:30,0
bergin,1,1,100.00%,0.00%,0:00:00,0
blackface,1,2,0.00%,50.00%,0:00:32,1
janus,1,5,100.00%,0.00%,0:03:01,0
Bill Heinemann,1,1,0.00%,100.00%,0:00:15,0
shovel,1,1,100.00%,0.00%,0:00:00,0
arthur glasfeld,1,2,100.00%,0.00%,0:00:09,0
project brotherhood,1,1,0.00%,100.00%,0:00:06,0
scandal,1,2,0.00%,50.00%,0:00:41,0
academic standing committee,1,3,0.00%,66.67%,0:53:02,11
hyslop,1,1,100.00%,0.00%,0:00:00,0
reine myers,1,3,0.00%,66.67%,0:00:47,0
water tower vigilante,1,1,0.00%,100.00%,0:00:07,0
caucasian chalk circle,1,4,0.00%,0.00%,0:01:43,1
mission* Turk*,1,1,0.00%,100.00%,0:00:18,0
lutter,1,1,0.00%,100.00%,0:53:48,45
algol affair,1,1,0.00%,100.00%,0:00:24,0
first day,1,2,0.00%,50.00%,0:01:19,2
women,1,1,100.00%,0.00%,0:00:00,0
Maureen Tumulty,1,4,100.00%,25.00%,0:01:26,1
getchell,1,1,100.00%,0.00%,0:00:00,0
sandberg,1,2,0.00%,0.00%,0:01:40,11
teaching methods,1,3,0.00%,0.00%,0:13:25,3
Maynard,1,2,0.00%,0.00%,0:02:53,3
matson,1,3,100.00%,0.00%,0:01:43,0
ino delong,1,7,0.00%,14.29%,0:19:27,4
wingate,1,1,0.00%,0.00%,0:00:57,2
keithahn,1,1,0.00%,100.00%,0:00:49,0
talas,1,1,0.00%,100.00%,0:00:14,0
noises,1,1,0.00%,100.00%,0:00:14,1
romeo and julliet,1,1,0.00%,100.00%,0:00:11,0
animal,1,2,0.00%,50.00%,0:00:16,0
lydia anderson,1,3,0.00%,33.33%,0:03:00,6
profile,1,2,100.00%,0.00%,0:00:25,0
Deborah brown,1,2,100.00%,0.00%,0:00:49,0
bill clinton,1,3,100.00%,33.33%,0:01:02,0
towle,1,1,100.00%,0.00%,0:00:00,0
route 19,1,1,100.00%,0.00%,0:00:00,0
evelyn anderson,1,2,0.00%,50.00%,0:01:54,2
paas,1,5,0.00%,20.00%,0:00:40,0
judy howerton,1,1,100.00%,0.00%,0:00:00,0
Institute of International Education,1,1,0.00%,100.00%,0:00:34,0
list of campus building,1,3,100.00%,0.00%,0:00:20,0
broom,1,3,0.00%,33.33%,0:00:36,0
Theo Foreman,1,1,100.00%,0.00%,0:00:00,0
james watkins,1,1,100.00%,0.00%,0:00:00,0
olin foundation,1,11,100.00%,0.00%,0:01:37,0
high power laboratory,1,1,100.00%,0.00%,0:00:00,0
knick,1,1,0.00%,100.00%,0:00:27,0
qualey papers,1,3,0.00%,33.33%,0:08:18,0
paul J domke,1,4,100.00%,0.00%,0:01:35,0
Fluid-dynamical Models of Rock Deformation,1,1,0.00%,100.00%,0:00:18,0
Amy Sewell,1,1,0.00%,0.00%,0:00:05,1
tonian,1,1,100.00%,0.00%,0:00:00,0
polyglot,1,2,0.00%,50.00%,0:05:17,0
wayne carver world,1,2,0.00%,50.00%,0:01:28,0
thomas hughes,1,9,100.00%,0.00%,0:07:17,3
lilac,1,1,0.00%,100.00%,0:00:28,0
agriculture,1,1,0.00%,100.00%,0:03:34,0
shannon,1,2,100.00%,0.00%,0:01:12,0
inside carleton,1,2,100.00%,0.00%,0:06:03,0
messenger,1,4,100.00%,0.00%,0:00:36,0
harold,1,2,0.00%,0.00%,0:02:27,8
Student Life,1,3,0.00%,33.33%,0:00:34,1
thrust,1,2,0.00%,0.00%,0:01:54,2
Bald Spot,1,5,0.00%,20.00%,0:02:50,6
common reading,1,1,0.00%,100.00%,0:06:47,0
second hall,1,1,0.00%,100.00%,0:00:15,0
Scriver,1,2,0.00%,50.00%,0:00:34,1
rupert sircom,1,2,100.00%,0.00%,0:00:59,0
polar express,1,1,0.00%,100.00%,0:00:06,0
sarusawa,1,1,100.00%,0.00%,0:00:00,0
barno,1,1,0.00%,100.00%,0:00:18,0
arthur keith,1,1,100.00%,0.00%,0:00:00,0
Wheeler,1,1,100.00%,0.00%,0:00:00,0
heywood luncheon,1,1,0.00%,100.00%,0:00:27,0
Snowden,1,2,100.00%,0.00%,0:01:19,1
Voss,1,2,100.00%,0.00%,0:00:20,0
Shana,1,2,0.00%,50.00%,0:26:28,1
relations,1,2,0.00%,0.00%,0:03:31,2
co-op,1,4,0.00%,25.00%,0:08:57,0
Frank Daniel,1,2,100.00%,0.00%,0:00:29,0
kayseri,1,1,0.00%,100.00%,0:05:27,1
Terrance Farrell,1,1,0.00%,100.00%,0:00:09,0
manning,1,2,100.00%,0.00%,0:00:16,0
dunkelberg,1,1,100.00%,0.00%,0:00:00,0
puzak,1,1,100.00%,0.00%,0:00:00,0
Gridley floor plan,1,4,100.00%,0.00%,0:06:14,0
Gillette,1,20,100.00%,0.00%,0:09:41,3
Skeech,1,2,0.00%,100.00%,0:00:34,0
hanessian,1,2,0.00%,0.00%,0:01:46,2
mansco,1,5,100.00%,0.00%,0:01:35,0
don wiener,1,1,100.00%,0.00%,0:00:00,0
mark twain,1,4,100.00%,0.00%,0:00:51,0
winter carnival,1,2,0.00%,50.00%,0:01:34,0
stereo,1,1,0.00%,0.00%,0:04:22,2
enlist,1,1,0.00%,100.00%,0:00:08,0
snapshot,1,1,100.00%,0.00%,0:00:00,0
seeker truth,1,1,100.00%,0.00%,0:00:00,0
nourse hall,1,4,0.00%,25.00%,0:03:04,6
robert taylor,1,1,100.00%,0.00%,0:00:00,0
Department report,1,2,0.00%,50.00%,0:04:57,0
chicken,1,1,0.00%,100.00%,0:03:13,10
albert hoppe,1,1,100.00%,0.00%,0:00:00,0
riding,1,2,0.00%,50.00%,0:01:30,2
piano,1,1,0.00%,100.00%,0:01:59,0
photographs,1,2,0.00%,50.00%,0:00:45,0
segis,1,1,0.00%,100.00%,0:02:48,0
bonds,1,1,100.00%,0.00%,0:00:00,0
vicki shaw,1,7,100.00%,0.00%,0:02:32,0
John Gardner Phillips,1,3,100.00%,0.00%,0:00:22,0
march the reub,1,4,0.00%,25.00%,0:01:17,0
nat wilson,1,1,0.00%,100.00%,0:00:16,0
women gridley,1,6,0.00%,33.33%,0:00:56,3
titus,1,1,0.00%,100.00%,0:06:11,1
goodhue dining,1,2,0.00%,50.00%,0:01:05,0
rice county map,1,1,100.00%,0.00%,0:00:00,0
hulings,1,3,0.00%,33.33%,0:00:42,0
Stanley T. Kucera,1,1,0.00%,100.00%,0:00:05,0
class honors,1,1,0.00%,100.00%,0:00:08,0
Central Park,1,1,0.00%,0.00%,0:00:26,2
valedict,1,1,0.00%,100.00%,0:08:15,0
teaching circle,1,1,0.00%,100.00%,0:00:40,0
men's league,1,2,0.00%,50.00%,0:00:23,0
Derek Phillips,1,3,0.00%,33.33%,0:00:13,0
liter bowl,1,1,0.00%,100.00%,0:00:06,0
little nourse,1,2,0.00%,50.00%,0:01:11,2
recessional,1,3,0.00%,100.00%,0:01:06,0
faculty minutes,1,2,0.00%,50.00%,0:03:54,0
Janet Balanoff,1,3,100.00%,0.00%,0:02:43,0
lawsuit,1,3,0.00%,33.33%,0:01:33,0
digital archives,1,1,100.00%,0.00%,0:00:00,0
Studio Art,1,2,0.00%,50.00%,0:00:19,0
Ice rinks,1,1,0.00%,100.00%,0:00:39,0
second century,1,1,100.00%,0.00%,0:00:00,0
gods of plastic,1,5,0.00%,20.00%,0:02:19,2
William Hunter,1,2,100.00%,0.00%,0:00:21,0
l-day,1,2,0.00%,50.00%,0:06:00,8
table,1,4,0.00%,25.00%,0:08:35,2
social life,1,3,0.00%,33.33%,0:01:28,4
chaney house,1,4,0.00%,25.00%,0:02:11,5
mystery meat,1,1,0.00%,0.00%,0:21:10,5
library remodeling,1,1,0.00%,100.00%,0:00:58,3
robert calhoun,1,10,100.00%,0.00%,0:11:48,0
disce doce,1,2,0.00%,50.00%,0:28:10,0
Bredlau,1,2,100.00%,0.00%,0:00:28,0
bull,1,2,0.00%,50.00%,0:12:55,0
smoking,1,1,0.00%,0.00%,0:03:47,6
robert wood,1,2,0.00%,100.00%,0:04:06,0
plaid,1,1,0.00%,100.00%,0:00:07,0
elizabeth musser,1,1,0.00%,100.00%,0:23:48,3
chalk,1,2,0.00%,50.00%,0:00:20,0
finding common ground,1,1,0.00%,100.00%,0:17:38,0
munemitsu,1,1,0.00%,100.00%,0:00:29,0
Danielle Peterson,1,2,100.00%,0.00%,0:00:35,0
goodsell drawing,1,3,0.00%,33.33%,0:05:08,4
computer date night,1,2,0.00%,50.00%,0:06:27,3
swinging,1,1,0.00%,100.00%,0:00:09,0
chowchilla,1,4,0.00%,25.00%,0:09:11,1
mathematics astronomy computer project,1,1,0.00%,100.00%,0:00:08,0
Garden,1,2,0.00%,0.00%,0:00:39,2
dorm life 71,1,3,0.00%,33.33%,0:00:18,0
digital,1,3,0.00%,33.33%,0:01:04,0
underground,1,3,0.00%,33.33%,0:00:33,0
http,1,6,0.00%,16.67%,0:04:28,0
kirsten quanbeck,1,3,100.00%,0.00%,0:00:18,0
james mcdonnell,1,6,100.00%,0.00%,0:02:49,0
fielder,1,2,100.00%,0.00%,0:00:12,0
60 minutes,1,2,100.00%,0.00%,0:00:18,0
Senate,1,3,100.00%,0.00%,0:00:13,0
herbarium,1,1,0.00%,100.00%,0:00:13,0
audio,1,1,0.00%,100.00%,0:02:36,0
Douglas house,1,6,100.00%,0.00%,0:01:37,1
Phillip Phenix,1,3,0.00%,100.00%,0:02:31,0
safari,1,2,0.00%,100.00%,0:12:46,4
plan campus grouping,1,1,0.00%,100.00%,0:03:20,0
Palmer Alvarez-Blanco,1,2,0.00%,50.00%,0:01:24,0
koetters,1,1,100.00%,0.00%,0:00:00,0
myth,1,1,100.00%,0.00%,0:00:00,0
fred rogers,1,5,100.00%,0.00%,0:02:00,2
fine printing,1,1,0.00%,100.00%,0:00:16,0
Sustainable,1,1,0.00%,100.00%,0:00:10,0
Student Army Training Corps,1,2,0.00%,50.00%,0:01:14,0
garage,1,2,100.00%,0.00%,0:00:12,0
governance prospects,1,1,100.00%,0.00%,0:00:00,0
pangle,1,1,100.00%,0.00%,0:00:00,0
security services,1,3,0.00%,33.33%,0:09:43,0
richard lewis,1,1,0.00%,100.00%,0:02:52,0
margaret evans,1,4,0.00%,50.00%,0:01:07,1
world war two,1,1,0.00%,100.00%,0:00:39,0
kratt,1,2,0.00%,50.00%,0:16:31,0
fred easter,1,2,0.00%,50.00%,0:01:32,8
michael borunda,1,2,100.00%,0.00%,0:00:05,0
schedule,1,1,0.00%,100.00%,0:08:12,0
stilten,1,1,0.00%,100.00%,0:00:08,0
stowe,1,8,0.00%,12.50%,0:05:07,1
Helen Heinzen Bovenmyer,1,1,100.00%,0.00%,0:00:00,0
bernice reagon,1,1,0.00%,100.00%,0:00:41,0
about,1,2,0.00%,50.00%,0:21:31,1
Alton hall,1,3,100.00%,0.00%,0:00:57,0
freedom,1,2,0.00%,100.00%,0:02:23,0
mudd,1,2,0.00%,50.00%,0:01:31,2
Girouard,1,2,100.00%,0.00%,0:00:37,0
cadet,1,2,0.00%,50.00%,0:00:13,0
reel of film,1,3,0.00%,33.33%,0:01:16,0
henry riggs,1,1,0.00%,100.00%,0:04:25,0
correll,1,1,100.00%,0.00%,0:00:00,0
Dundas,1,1,0.00%,100.00%,0:00:26,0
Lydia,1,1,100.00%,0.00%,0:00:00,0
taranto,1,1,0.00%,100.00%,0:02:04,1
Fred Phelps,1,2,0.00%,0.00%,0:00:50,1
Science,1,7,0.00%,42.86%,0:02:33,2
finding aid,1,4,0.00%,25.00%,0:13:36,0
liquor,1,2,100.00%,0.00%,0:00:31,0
finholt,1,4,0.00%,25.00%,0:01:45,0
appleyard,1,1,100.00%,0.00%,0:00:00,0
Sarah sivright,1,1,0.00%,100.00%,0:02:18,0
howard conn,1,2,0.00%,50.00%,0:01:20,0
karen stiles,1,1,0.00%,100.00%,0:00:26,0
minutes,1,2,100.00%,0.00%,0:04:03,1
hartley clark,1,1,0.00%,100.00%,0:00:32,0
frank kreml,1,2,100.00%,0.00%,0:01:28,0
Corby,1,3,100.00%,0.00%,0:01:28,0
foreign missions,1,3,0.00%,33.33%,0:00:29,0
johnson house,1,6,0.00%,16.67%,0:02:49,6
sexual,1,1,0.00%,100.00%,0:00:18,0
brandenburg,1,2,0.00%,50.00%,0:00:33,0
Jim Chesebro,1,1,100.00%,0.00%,0:00:00,0
McGannon,1,2,100.00%,0.00%,0:00:47,0
book,1,8,0.00%,12.50%,0:06:34,4
michael barnes,1,1,0.00%,100.00%,0:00:08,0
Proctor system,1,1,0.00%,100.00%,0:00:34,0
population ecology,1,2,0.00%,50.00%,0:00:27,0
officers board members list,1,2,0.00%,0.00%,0:03:14,2
Move in,1,2,0.00%,0.00%,0:00:06,1
The Group Plan architectural plans,1,1,0.00%,100.00%,0:08:49,0
church of christ,1,3,100.00%,0.00%,0:00:43,0
faculty executive committee,1,3,0.00%,66.67%,0:09:34,0
post office,1,1,0.00%,100.00%,0:08:02,8
patnode,1,3,100.00%,0.00%,0:03:23,0
