"305828","158264","Originals or Copies Note","00:46:02||00:48:00","Least Diff: 00:01:58","Greatest Diff: 00:01:58","All close: ---","< 20 sec diff: No","2","S-VHS Orig 48m VHS em 46:02 95/6c","8"
"305790","158257","Originals or Copies Note","00:59:35||01:00:00","Least Diff: 00:00:25","Greatest Diff: 00:00:25","All close: ---","< 20 sec diff: No","2","S-VHS Orig 1h VHS em 59:35 95/6c","8"
"305801","158259","Originals or Copies Note","01:02:30||01:03:00","Least Diff: 00:00:30","Greatest Diff: 00:00:30","All close: ---","< 20 sec diff: No","2","S-VHS Orig 1h 3m VHSem 1:02:30 95/6c","8"
"305365","158181","Originals or Copies Note","00:51:19||00:55:00","Least Diff: 00:03:41","Greatest Diff: 00:03:41","All close: ---","< 20 sec diff: No","2","S-VHS Orig 55 min; VHSem 51:19; 97/8A","8"
"305347","158177","Originals or Copies Note","00:19:09||01:00:00","Least Diff: 00:40:51","Greatest Diff: 00:40:51","All close: ---","< 20 sec diff: No","2","S-VHS Orig 1 hr VHSem 19:09 97/8B","8"
"305353","158178","Originals or Copies Note","00:58:58||01:00:00","Least Diff: 00:01:02","Greatest Diff: 00:01:02","All close: ---","< 20 sec diff: No","2","S-VHS Orig 1h VHS EM 58:58 97/8B","8"
"305359","158179","Originals or Copies Note","01:04:22||01:04:00","Least Diff: 00:00:22","Greatest Diff: 00:00:22","All close: ---","< 20 sec diff: No","2","S-VHS Orig 1h 4m VHS EM 1:04:22 97/8B","8"
"305773","158254","Originals or Copies Note","01:05:26||01:05:00","Least Diff: 00:00:26","Greatest Diff: 00:00:26","All close: ---","< 20 sec diff: No","2","S-VHS Orig 1h 5m VHS em 1:05:26 95/6c","8"
"305768","158253","Originals or Copies Note","01:44:00||01:10:00","Least Diff: 00:34:00","Greatest Diff: 00:34:00","All close: ---","< 20 sec diff: No","2","1:S-VHS orig 1h44 2:S-VHS orig 1h10 plus Tcburn-in copies of each 95/6c","8"
"305763","158252","Originals or Copies Note","00:12:30||00:35:15","Least Diff: 00:22:45","Greatest Diff: 00:22:45","All close: ---","< 20 sec diff: No","2","1: VHSem 12:30 2: VHSem 35:15 95/6C","8"
"305741","158248","Originals or Copies Note","01:15:04||00:29:54||00:29:52","Least Diff: 00:00:02","Greatest Diff: 00:45:12","All close: No","< 20 sec diff: No","3","Data files on HD; 1: Cass90 1:15:04 AABox10; 2: Cass90 29:54 AABox10; 2: mp3 file: 29:52 12.0 MB","13"
"305738","158248","Originals or Copies Note","01:15:05||00:30:35||01:15:00","Least Diff: 00:00:05","Greatest Diff: 00:44:30","All close: No","< 20 sec diff: No","3","S-VHS orig 1h 15m 1: VHS em 1:15:05 2: S-VHSem 30:35 95/6D","8"
"305734","158247","Originals or Copies Note","01:29:49||00:24:00","Least Diff: 01:05:49","Greatest Diff: 01:05:49","All close: ---","< 20 sec diff: No","2","1: CD-90 1:29:49 2: EM60 24:00 AABox10","13"
"305731","158247","Originals or Copies Note","00:30:54||01:38:00","Least Diff: 01:07:06","Greatest Diff: 01:07:06","All close: ---","< 20 sec diff: No","2","S-VHS Orig 1 hr ~38 min 2: VHS em 30:54 95/6D","8"
"305728","158246","Originals or Copies Note","00:55:43||01:10:15||01:43:59||00:34:00||01:04:33||01:25:00||00:58:19||01:02:12||01:02:00||01:10:52||00:52:50||01:05:20","Least Diff: 00:00:12","Greatest Diff: 01:09:59","All close: No","< 20 sec diff: No","12","1: CD60 55:43; 2: CD90 1:10:15; 3: CD60x2 1:43:59; 4: CD60x2 a: 34:00; 5: CD90 1:04:33; 6: CD90 1:25:00; AABox10; 71/2ips EM 58:19; AAReelBox; 8: CD90 1:02:12; 9: CD-90 1:02:00; 10: CD90 1:10:52; 11: CD60 52:50; 12: CD90 1:05:20; AABox10","13"
"305725","158246","Originals or Copies Note","01:25:52||01:05:50||01:09:00","Least Diff: 00:03:10","Greatest Diff: 00:20:02","All close: No","< 20 sec diff: No","3","6: S-VHS Orig; VHS EM 1:25:52 12: S-VHS Orig; 1h 9 m; VHS em 1:05:50 95/6D","8"
"305706","158242","Originals or Copies Note","01:07:36||00:36:09||00:53:16","Least Diff: 00:14:20","Greatest Diff: 00:31:27","All close: No","< 20 sec diff: No","3","1: CD90 1:07:36 2: EM90 36:09 3: EM60 53:16 AABox10","13"
"305703","158242","Originals or Copies Note","01:04:41||00:36:28||01:10:00","Least Diff: 00:05:19","Greatest Diff: 00:33:32","All close: No","< 20 sec diff: No","3","S-VHS orig 1h10m 1: VHS em 1:04:41 2: S-VHS em 36:28 96/7A","8"
"305697","158241","Originals or Copies Note","00:48:25||00:49:00","Least Diff: 00:00:35","Greatest Diff: 00:00:35","All close: ---","< 20 sec diff: No","2","S-VHS Orig 49m; VHS em 48:25 96/7A","8"
"305694","158240","Originals or Copies Note","01:26:07||01:15:34||00:28:26||01:14:53","Least Diff: 00:00:41","Greatest Diff: 00:57:41","All close: No","< 20 sec diff: No","4","1: CD90 1:26:07 2: CD90 1:15:34 3: CD60 28:26 4: CD90 1:14:53 AABox11","13"
"305691","158240","Originals or Copies Note","01:33:00||01:28:29||01:18:00||01:15:54||01:25:00||01:15:12","Least Diff: 00:00:42","Greatest Diff: 00:17:48","All close: No","< 20 sec diff: No","6","1: S-VHSorig 1:33; VHSem 1:28:29 2: S-VHS orig1:18; VHSem 1:15:54 4: S-VHS orig1:25; VHSem 1:15:12 96/7A","8"
"305688","158239","Originals or Copies Note","00:13:15||00:11:03","Least Diff: 00:02:12","Greatest Diff: 00:02:12","All close: ---","< 20 sec diff: No","2","1: DM60 13:15 AABox112: DM60 C11:031&2: reel edited original AAReelBox","13"
"305680","158238","Originals or Copies Note","01:04:00||01:05:00","Least Diff: 00:01:00","Greatest Diff: 00:01:00","All close: ---","< 20 sec diff: No","2","S-VHS orig 1h 5m VHS em 1:04:00 96/7A","8"
"305674","158237","Originals or Copies Note","00:52:30||00:55:00","Least Diff: 00:02:30","Greatest Diff: 00:02:30","All close: ---","< 20 sec diff: No","2","VHS orig 55 m S-VHS Edit for Audio 52:30 96/7A","8"
"305657","158234","Originals or Copies Note","01:02:32||01:02:00","Least Diff: 00:00:32","Greatest Diff: 00:00:32","All close: ---","< 20 sec diff: No","2","S-VHS orig 1h 2m VHS em 1:02:32 96/7A","8"
"305654","158233","Originals or Copies Note","01:03:14||01:01:26","Least Diff: 00:01:48","Greatest Diff: 00:01:48","All close: ---","< 20 sec diff: No","2","1: CD90 1:03:14 2: CD90 1:01:26 AABox11 3: (at music dep)","13"
"305640","158231","Originals or Copies Note","01:02:25||01:00:00","Least Diff: 00:02:25","Greatest Diff: 00:02:25","All close: ---","< 20 sec diff: No","2","S-VHS orig 1h 3n VHS em 1:02:25 96/7B","8"
"305623","158228","Originals or Copies Note","01:04:54||01:00:00","Least Diff: 00:04:54","Greatest Diff: 00:04:54","All close: ---","< 20 sec diff: No","2","S-VHS orig 1: VHS em 1:04:54 2: C-Span Broadcast, 1hr+ 96/7B","8"
"305618","158227","Originals or Copies Note","01:00:20||01:00:00","Least Diff: 00:00:20","Greatest Diff: 00:00:20","All close: ---","< 20 sec diff: No","2","S-VHS orig 1 hr VHS em 1:00:20 96/7B","8"
"305612","158226","Originals or Copies Note","00:47:18||00:46:00","Least Diff: 00:01:18","Greatest Diff: 00:01:18","All close: ---","< 20 sec diff: No","2","S-VHS Orig 46m VHSem 47:18 96/7B","8"
"305564","158216","Originals or Copies Note","01:06:45||01:06:00","Least Diff: 00:00:45","Greatest Diff: 00:00:45","All close: ---","< 20 sec diff: No","2","S-VHS orig 1h 6m VHS em 1:06:45 96/7C","8"
"305531","158210","Originals or Copies Note","00:49:37||01:45:17||00:50:00","Least Diff: 00:00:23","Greatest Diff: 00:55:40","All close: No","< 20 sec diff: No","3","1: S-VHS orig 50 m VHS em 49:37 2:VHS EM 1:45:17 96/7C","8"
"305515","158207","Originals or Copies Note","00:52:49||00:54:00","Least Diff: 00:01:11","Greatest Diff: 00:01:11","All close: ---","< 20 sec diff: No","2","S-VHS orig 54m VHS EM 52:49 96/7C","8"
"305512","158206","Originals or Copies Note","00:59:59||01:06:12||00:14:10","Least Diff: 00:06:13","Greatest Diff: 00:52:02","All close: No","< 20 sec diff: No","3","1: CD90 59:59 2: CD90 1:06:12; [poor audio] 3: CD60 14:10; AABox12","13"
"305468","158199","Originals or Copies Note","00:57:27||00:58:00","Least Diff: 00:00:33","Greatest Diff: 00:00:33","All close: ---","< 20 sec diff: No","2","S-VHS orig 58min VHS EM 57:27 96/7D","8"
"305462","158198","Originals or Copies Note","01:00:35||01:01:00","Least Diff: 00:00:25","Greatest Diff: 00:00:25","All close: ---","< 20 sec diff: No","2","S-VHS orig 1hr 1m VHS em 1:00:35 96/7D","8"
"305458","158197","Originals or Copies Note","00:16:55||00:18:00","Least Diff: 00:01:05","Greatest Diff: 00:01:05","All close: ---","< 20 sec diff: No","2","VHS orig 18min; VHS em 16:55; 96/7D","8"
"305455","158196","Originals or Copies Note","01:05:48||00:25:33","Least Diff: 00:40:15","Greatest Diff: 00:40:15","All close: ---","< 20 sec diff: No","2","1: CD90 1:05:48 2: CD60 25:33 AABox12","13"
"305452","158196","Originals or Copies Note","00:25:47||01:06:00","Least Diff: 00:40:13","Greatest Diff: 00:40:13","All close: ---","< 20 sec diff: No","2","S-VHS orig 1h 6m 1: VHS EM 25:47 96/7D","8"
"305438","158193","Originals or Copies Note","00:58:21||00:10:05||01:25:15||01:18:39||01:37:55||01:01:12||01:08:27||01:15:41||00:56:06||01:01:35||01:02:40","Least Diff: 00:00:23","Greatest Diff: 01:27:50","All close: No","< 20 sec diff: No","11","1: CD60 58:21; 2: CD60 10:05 (upcut); 3: CD90 1:25:15; 4: CD90 1:18:39; 5: CD60x2 1:37:55; AABox12; 6: CD90 1:01:12; 7: CD90 1:08:27; 8: CD90 1:15:41; 9: CD60 56:06; 10: EM 71/2ips; DM60 1:01:35; 11: CD90 1:02:40; AABox13; 10: EM; AAReelBox","13"
"305435","158193","Originals or Copies Note","00:42:53||01:11:00","Least Diff: 00:28:07","Greatest Diff: 00:28:07","All close: ---","< 20 sec diff: No","2","5: S-VHS Orig 5a: EM 42:53 11: S-VHS Orig; 1h 11m 96/7D","8"
"305424","158191","Originals or Copies Note","01:26:52||01:11:54||01:40:00","Least Diff: 00:13:08","Greatest Diff: 00:28:06","All close: No","< 20 sec diff: No","3","S-VHS orig 1h40m 1: VHSem 1:26:52 2: VHSem 1:11:54 97/8A","8"
"305418","158190","Originals or Copies Note","00:43:36||00:48:00","Least Diff: 00:04:24","Greatest Diff: 00:04:24","All close: ---","< 20 sec diff: No","2","S-VHS orig 48m VHS EM 43:36 97/8A","8"
"305412","158189","Originals or Copies Note","01:14:08||01:33:50||01:10:00||01:50:00","Least Diff: 00:04:08","Greatest Diff: 00:40:00","All close: No","< 20 sec diff: No","4","1: S-VHS orig 1hr 10min; VHSem 1:14:08; 2: S:VHS orig; 1hr 50min; VHS em 1:33:50 97/8A","8"
"305388","158185","Originals or Copies Note","00:53:18||00:54:00","Least Diff: 00:00:42","Greatest Diff: 00:00:42","All close: ---","< 20 sec diff: No","2","S-VHS orig 54 min; VHSem 53:18; 97/8A","8"
"305371","158182","Originals or Copies Note","01:03:10||01:04:00","Least Diff: 00:00:50","Greatest Diff: 00:00:50","All close: ---","< 20 sec diff: No","2","S-VHS Orig 1h 4m VHSem 1:03:10 97/8A","8"
"305330","158174","Originals or Copies Note","00:59:11||01:00:00||00:59:00","Least Diff: 00:00:11","Greatest Diff: 00:01:00","All close: No","< 20 sec diff: No","3","S-VHS Orig 59m 1: VHS EM 59:11 2: C-SPAN Broadcast 1 hr 97/8B","8"
"305318","158172","Originals or Copies Note","01:04:55||01:06:00","Least Diff: 00:01:05","Greatest Diff: 00:01:05","All close: ---","< 20 sec diff: No","2","S-VHS orig 1h 6m VHSem 1:04:55 97/8B","8"
"305312","158171","Originals or Copies Note","01:03:40||00:40:45||01:06:00","Least Diff: 00:02:20","Greatest Diff: 00:25:15","All close: No","< 20 sec diff: No","3","S-VHS Orig 1h 6m 1: VHSem 1:03:40 2: VHSem 40:45 97/8B","8"
"305306","158170","Originals or Copies Note","01:00:51||01:07:00","Least Diff: 00:06:09","Greatest Diff: 00:06:09","All close: ---","< 20 sec diff: No","2","S-VHS orig 1h 7m VHSem 1:00:51 97/8B","8"
"305303","158169","Originals or Copies Note","00:55:04||00:55:03||00:55:00","Least Diff: 00:00:01","Greatest Diff: 00:00:04","All close: Yes","< 20 sec diff: Yes","3","DAT orig 55 min Data files on CD CD60 55:04 Dolby(r) B Stereo AudioCD 55:03 AABox13","13"
"305291","158167","Originals or Copies Note","02:03:07||02:14:00","Least Diff: 00:10:53","Greatest Diff: 00:10:53","All close: ---","< 20 sec diff: No","2","VHS Orig x 2; 2h14m total VHSem 2:03:07 97/8B","8"
"305274","158164","Originals or Copies Note","00:54:38||00:56:00","Least Diff: 00:01:22","Greatest Diff: 00:01:22","All close: ---","< 20 sec diff: No","2","S-VHS Orig 56m VHSem 54:38","8"
"305271","158163","Originals or Copies Note","00:51:43||00:55:15","Least Diff: 00:03:32","Greatest Diff: 00:03:32","All close: ---","< 20 sec diff: No","2","1: CD60 51:43 2: CD60 55:15 AABox14","13"
"305262","158162","Originals or Copies Note","00:56:21||00:57:00","Least Diff: 00:00:39","Greatest Diff: 00:00:39","All close: ---","< 20 sec diff: No","2","S-VHS Orig 57m VHSem 56:21 97/8C","8"
"305248","158159","Originals or Copies Note","01:36:33||01:40:00","Least Diff: 00:03:27","Greatest Diff: 00:03:27","All close: ---","< 20 sec diff: No","2","S-VHS Orig 1h 40m VHSem 1:36:33 97/8C","8"
"305243","158158","Originals or Copies Note","01:05:13||01:06:00","Least Diff: 00:00:47","Greatest Diff: 00:00:47","All close: ---","< 20 sec diff: No","2","S-VHS Orig 1h 6m VHSem 1:05:13 97/8C","8"
"305240","158157","Originals or Copies Note","00:56:50||00:24:06","Least Diff: 00:32:44","Greatest Diff: 00:32:44","All close: ---","< 20 sec diff: No","2","1: CD60 56:50 2: CD60 24:06 AABox14","13"
"305237","158157","Originals or Copies Note","00:56:16||00:24:25||01:01:00","Least Diff: 00:04:44","Greatest Diff: 00:36:35","All close: No","< 20 sec diff: No","3","S-VHS Orig 1h 1m 1: VHSem 56:16 2: VHSem 24:25 97/8C","8"
"305229","158155","Originals or Copies Note","00:41:45||01:02:55||01:03:08||01:08:23||00:56:27||00:19:24||01:05:37||01:19:55||01:25:05||00:41:54||01:01:12||01:06:50||01:04:30||00:33:41||01:41:44||00:51:52","Least Diff: 00:00:09","Greatest Diff: 01:22:20","All close: No","< 20 sec diff: No","16","1: CD60 41:45 2: CD90 1:02:55 3: CD90 1:03:08 4: CD90 1:08:23 5: CD60 56:27 6: EM60 19:24 (not for release) 7: CD90 1:05:37 8: CD90 1:19:55 9a: CD90 1:25:05 9b: CD90 41:54 10: CD90 1:01:12 11: CD90 1:06:50 (special release only) 12: CD90 1:04:30 13: CD60 33:41 14: DAT Orig; DAT EM; Copy60x2 1:41:44 15: CD60 51:52 All AABox14","13"
"305223","158154","Originals or Copies Note","01:39:19||01:00:21","Least Diff: 00:38:58","Greatest Diff: 00:38:58","All close: ---","< 20 sec diff: No","2","1: DM60x2 1:39:19 2: DM90 1:00:21 AABox15","13"
"305189","158147","Originals or Copies Note","01:20:19||00:59:46","Least Diff: 00:20:33","Greatest Diff: 00:20:33","All close: ---","< 20 sec diff: No","2","1: CD90 1:20:19 2: CD90 59:46 AABox15","13"
"305132","158135","Originals or Copies Note","00:55:14||00:58:16","Least Diff: 00:03:02","Greatest Diff: 00:03:02","All close: ---","< 20 sec diff: No","2","Data files on CD and HD; AudioCD 55:14; Cass60 58:16 AABox15; .mp3 file: 55:14 22.1 MB","13"
"305074","158123","Originals or Copies Note","01:05:29||01:04:50","Least Diff: 00:00:39","Greatest Diff: 00:00:39","All close: ---","< 20 sec diff: No","2","1: CD90 1:05:29 2: CD90 1:04:50; AABox16","13"
"305068","158122","Originals or Copies Note","01:08:12||00:20:28||01:09:00","Least Diff: 00:00:48","Greatest Diff: 00:48:32","All close: No","< 20 sec diff: No","3","DAT Orig 1hr 9min; 1: CD90 1:08:12; 2: CD 60 20:28; AABox16","13"
"305063","158121","Originals or Copies Note","01:31:20||00:13:36||00:11:28||01:55:00","Least Diff: 00:02:08","Greatest Diff: 01:43:32","All close: No","< 20 sec diff: No","4","DAT Orig ~1hr 55min; 1: CD90 1:31:20; 2: CD(60) 13:36; 3: CD(60) 11:28; AABox16","13"
"305058","158120","Originals or Copies Note","00:54:32||00:29:32||01:51:38||00:58:03||00:38:30||01:29:10||00:46:08||01:41:01||01:27:20||01:26:07||00:58:23||01:02:26","Least Diff: 00:00:20","Greatest Diff: 01:22:06","All close: No","< 20 sec diff: No","12","DAT Originals 1: CD60 54:32 2: CD60 29:32 3: CD60x2 1:51:38 4: CD60 58:03 5: CD60 38:30 6:(Compact Disk at Alumni Office) 7: CD90 1:29:10 8: CD60 46:08; 9: CD60x2 1:41:01 10: CD90 1:27:20 11: CD90 1:26:07 12: (Compact Disk at Alumni Office) 13: CD60 58:23 14: CD90 1:02:26; AABox16","13"
"305048","158118","Originals or Copies Note","00:51:14||01:20:09","Least Diff: 00:28:55","Greatest Diff: 00:28:55","All close: ---","< 20 sec diff: No","2","1: CD60 51:14 2: CD90 1:20:09 AABox16","13"
"305008","158110","Originals or Copies Note","00:51:07||01:03:37","Least Diff: 00:12:30","Greatest Diff: 00:12:30","All close: ---","< 20 sec diff: No","2","1: CD60 51:07 2: CD90 1:03:37; AABox17","13"
"305003","158109","Originals or Copies Note","01:05:39||01:07:00","Least Diff: 00:01:21","Greatest Diff: 00:01:21","All close: ---","< 20 sec diff: No","2","C90 orig 1 hr 7 min; CD90 1:05:39; AABox17","13"
"304956","158098","Originals or Copies Note","00:58:35||00:59:00","Least Diff: 00:00:25","Greatest Diff: 00:00:25","All close: ---","< 20 sec diff: No","2","DAT Orig stereo 59m CD90 58:35 stereo AABox17","13"
"304891","158084","Originals or Copies Note","01:04:18||00:22:58","Least Diff: 00:41:20","Greatest Diff: 00:41:20","All close: ---","< 20 sec diff: No","2","Data files on CD (see 12May00) 1: CD90 1:04:18 2: CD60 22:58 AABox18","13"
"304880","158082","Originals or Copies Note","01:53:10||00:39:30||01:29:55||01:36:37||01:35:20||01:17:15||00:25:10","Least Diff: 00:01:17","Greatest Diff: 01:28:00","All close: No","< 20 sec diff: No","7","a: CD60x2 1:53:10 b: CD90 39:30 c: CD90 1:29:55 d: CD60x2 1:36:37; e: CD90 1:35:20; f: CD90 1:17:15; g: CD60 25:10 all AABox18","13"
"304854","158077","Originals or Copies Note","01:03:22||01:04:17||00:40:49||01:04:00","Least Diff: 00:00:17","Greatest Diff: 00:23:28","All close: No","< 20 sec diff: No","4","Data files in computerDAT orig 1h 4 min (?); a: CD90 1:03:22 Stereo; AABox19 a: AudioCD 1:04:17 b: AudioCD 40:49","13"
"304736","158051","Originals or Copies Note","00:58:10||00:58:17||00:58:19","Least Diff: 00:00:02","Greatest Diff: 00:00:09","All close: Yes","< 20 sec diff: Yes","3","CD60 58:10 Data files on CD AudioCD 58:17 CD60 58:19; AABox19","13"
"304656","158035","Originals or Copies Note","01:09:02||01:09:06||00:22:42","Least Diff: 00:00:04","Greatest Diff: 00:46:24","All close: No","< 20 sec diff: No","3","Data files on CD (b: rmr) a: AudioCD 1:09:02 a: MC90 1:09:06 b: MC60 22:42; AABox20","13"
"304651","158034","Originals or Copies Note","01:00:03||01:00:32","Least Diff: 00:00:29","Greatest Diff: 00:00:29","All close: ---","< 20 sec diff: No","2","Data files on CD AudioCD 1:00:03 MC60 1:00:32; AABox20","13"
"304636","158031","Originals or Copies Note","00:50:24||00:53:53||01:13:19","Least Diff: 00:03:29","Greatest Diff: 00:22:55","All close: No","< 20 sec diff: No","3","Data files on CD x5 a: MC60 50:24 b: MC60 53:53 c: MC90 1:13:19; AABox20","13"
"304622","158028","Originals or Copies Note","00:54:46||00:55:50","Least Diff: 00:01:04","Greatest Diff: 00:01:04","All close: ---","< 20 sec diff: No","2","Data files on CD AudioCD 54:46 MC60 55:50; AABox20","13"
"304593","158021","Originals or Copies Note","01:07:00||00:23:01||01:30:05","Least Diff: 00:23:05","Greatest Diff: 01:07:04","All close: No","< 20 sec diff: No","3","Data files on CD AudioCD (x2); 1:07:00, 23:01 MC90 1:30:05; AABox21","13"
"304503","158001","Originals or Copies Note","01:36:45||01:37:27","Least Diff: 00:00:42","Greatest Diff: 00:00:42","All close: ---","< 20 sec diff: No","2","Data Files on CD x2 (rmr x5) MC60x2 1:36:45 AudioCDx2 1:37:27; AABox21","13"
"304489","157998","Originals or Copies Note","01:07:18||01:17:21","Least Diff: 00:10:03","Greatest Diff: 00:10:03","All close: ---","< 20 sec diff: No","2","Data Files on CD AudioCD 67:18 MC90 1:17:21; AABox21","13"
"304484","157997","Originals or Copies Note","00:52:53||01:02:57","Least Diff: 00:10:04","Greatest Diff: 00:10:04","All close: ---","< 20 sec diff: No","2","Data Files on CD AudioCD 52:53 MC90 1:02:57; AABox21","13"
"304474","157995","Originals or Copies Note","00:55:10||00:39:03||00:55:14||00:39:05","Least Diff: 00:00:02","Greatest Diff: 00:16:11","All close: No","< 20 sec diff: No","4","DAT Orig Data Files on CD (rmr PresReport) AudioCD X2 55:10, 39:03 MC60 X2 55:14, 39:05; AABox22","13"
"304469","157994","Originals or Copies Note","01:19:56||00:20:14","Least Diff: 00:59:42","Greatest Diff: 00:59:42","All close: ---","< 20 sec diff: No","2","Data Files on CD AudioCD 79:56 MC90 120:14; AABox22","13"
"304459","157992","Originals or Copies Note","00:14:44||00:46:20||01:28:07","Least Diff: 00:31:36","Greatest Diff: 01:13:23","All close: No","< 20 sec diff: No","3","Data Files on CD AudioCD X2 14:44, 46:20 MC90 1:28:07; AABox22","13"
"304454","157991","Originals or Copies Note","01:14:16||01:05:37","Least Diff: 00:08:39","Greatest Diff: 00:08:39","All close: ---","< 20 sec diff: No","2","DAT Orig Data Files on CD AudioCD 74:16 MC90 1:05:37; AABox22","13"
"304434","157987","Originals or Copies Note","00:58:01||00:56:05","Least Diff: 00:01:56","Greatest Diff: 00:01:56","All close: ---","< 20 sec diff: No","2","Data Files on CD AudioCD 58:01 MC 60 56:05; AABox22","13"
"304425","157985","Originals or Copies Note","00:54:58||01:15:02","Least Diff: 00:20:04","Greatest Diff: 00:20:04","All close: ---","< 20 sec diff: No","2","Data Files on CD AudioCD 54:58 MC90 75:02; AABox22","13"
"304338","157966","Originals or Copies Note","01:46:37||01:08:05||00:38:22||01:46:45","Least Diff: 00:00:08","Greatest Diff: 01:08:23","All close: No","< 20 sec diff: No","4","Data files on CD AudioCD(2) 1:46:37 68:05 + 38:22 MC60(2) 1:46:45; AABox23","13"
"304333","157965","Originals or Copies Note","01:30:15||01:07:57||00:22:18||01:30:19","Least Diff: 00:00:04","Greatest Diff: 01:08:01","All close: No","< 20 sec diff: No","4","Data files on CD AudioCD(2) 1:30:15 67:57 + 22:18 MC90 1:30:19; AABox23","13"
"304323","157963","Originals or Copies Note","01:30:02||01:01:53||00:28:09||01:30:04","Least Diff: 00:00:02","Greatest Diff: 01:01:55","All close: No","< 20 sec diff: No","4","Data files on CD AudioCD(2) 1:30:02 61:53 + 28:09 MC90 1:30:04; AABox23","13"
"304318","157962","Originals or Copies Note","01:35:44||00:43:15||00:52:29||01:35:39","Least Diff: 00:00:05","Greatest Diff: 00:52:29","All close: No","< 20 sec diff: No","4","Data files on CD AudioCD(2) 1:35:44; 43:15 + 52:29 MC60(2) 1:35:39; AABox23","13"
"304266","157952","Originals or Copies Note","01:02:02||00:56:22","Least Diff: 00:05:40","Greatest Diff: 00:05:40","All close: ---","< 20 sec diff: No","2","Data files on CD (rmr x2) AudioCD 62:02 MC60 56:22; AABox23","13"
"304261","157951","Originals or Copies Note","00:56:37||00:42:07||00:55:37||00:42:13","Least Diff: 00:00:06","Greatest Diff: 00:14:30","All close: No","< 20 sec diff: No","4","Data files on CD (rmr x5) AudioCD 56:37, 42:07 MC60(2) 55:37, 42:13; Raw90, names; AABox23","13"
"304242","157947","Originals or Copies Note","00:39:05||00:52:40||00:39:09||00:52:44","Least Diff: 00:00:04","Greatest Diff: 00:13:39","All close: No","< 20 sec diff: No","4","Data files on CD AudioCD 39:05, 52:40 MC60(2) 39:09, 52:44; AABox23","13"
"304237","157946","Originals or Copies Note","00:58:02||00:26:07||01:24:14","Least Diff: 00:26:12","Greatest Diff: 00:58:07","All close: No","< 20 sec diff: No","3","Data files on CD (rmr x4) AudioCD 58:02, 26:07 MC90 1:24:14; AABox23","13"
"304232","157945","Originals or Copies Note","01:15:00||00:26:53||00:49:28||00:52:33","Least Diff: 00:03:05","Greatest Diff: 00:48:07","All close: No","< 20 sec diff: No","4","Data files on CD AudioCD 75:00, 26:53 MC60(2) 49:28, 52:33; AABox23","13"
"304227","157944","Originals or Copies Note","01:03:31||01:04:00","Least Diff: 00:00:29","Greatest Diff: 00:00:29","All close: ---","< 20 sec diff: No","2","Data files on CD AudioCD 63:31 MC90 1:04:00; AABox23","13"
"304183","157935","Originals or Copies Note","01:05:22||01:05:54","Least Diff: 00:00:32","Greatest Diff: 00:00:32","All close: ---","< 20 sec diff: No","2","Data files on CD (rmr) AudioCD 1:05:22 MC90 1:05:54 AABox 24","13"
"304169","157932","Originals or Copies Note","01:00:09||00:25:28||01:25:49||01:25:37","Least Diff: 00:00:12","Greatest Diff: 01:00:21","All close: No","< 20 sec diff: No","4","Data files on CD and HD AudioCDx2 1:00:09, 25:28 Cass90 1:25:49 AABox 24 .mp3 file 1:25:37 34.3 MB)","13"
"304155","157930","Originals or Copies Note","00:58:30||00:58:31||00:58:28","Least Diff: 00:00:01","Greatest Diff: 00:00:03","All close: Yes","< 20 sec diff: Yes","3","Data files on CD and HD AudioCD 58:30 Cass60 58:31 AABox 24 .mp3 file 58:28 23.4 MB","13"
"304121","157925","Originals or Copies Note","00:58:12||00:58:16||00:58:13","Least Diff: 00:00:01","Greatest Diff: 00:00:04","All close: Yes","< 20 sec diff: Yes","3","Data files on CD and HD AudioCD 58:12 Cass60 58:16 AABox24 .mp3 file 58:13 23.3 MB","13"
"304114","157924","Originals or Copies Note","01:02:23||01:02:27||01:02:24","Least Diff: 00:00:01","Greatest Diff: 00:00:04","All close: Yes","< 20 sec diff: Yes","3","Data files on CD and HD AudioCD 1:02:23 Cass90 1:02:27 AABox24 .mp3 file 1:02:24 25.0 MB","13"
"304107","157923","Originals or Copies Note","01:10:08||00:22:56||01:33:04","Least Diff: 00:22:56","Greatest Diff: 01:10:08","All close: No","< 20 sec diff: No","3","Data files on CD and HD AudioCD x2: 1:10:08, 22:56 .mp3 file 1:33:04 37.3 MB","13"
"304086","157920","Originals or Copies Note","01:05:24||01:02:28","Least Diff: 00:02:56","Greatest Diff: 00:02:56","All close: ---","< 20 sec diff: No","2","Data files on CD and HD AudioCD 1:05:24 Cass90 1:02:28 AABox24 .mp3 file 1:05:24 26.2 MB","13"
"304079","157919","Originals or Copies Note","00:54:23||00:32:28||01:26:54||01:26:51","Least Diff: 00:00:03","Greatest Diff: 00:54:26","All close: No","< 20 sec diff: No","4","Data files on CD and HD AudioCD x2: 54:23, 32:28 Cass90 1:26:54 AABox24 .mp3 file 1:26:51 34.8 MB","13"
"304058","157916","Originals or Copies Note","01:12:47||01:12:51||01:12:48","Least Diff: 00:00:01","Greatest Diff: 00:00:04","All close: Yes","< 20 sec diff: Yes","3","Data files on CD and HD AudioCD 1:12:47 Cass90 1:12:51 AABox24 .mp3 file 1:12:48 29.2 MB","13"
"304036","157913","Originals or Copies Note","01:19:50||01:19:57||00:28:14||00:28:15","Least Diff: 00:00:01","Greatest Diff: 00:51:43","All close: No","< 20 sec diff: No","4","Data files on CD and HD 1: AudioCD 1:19:50 Cass90 1:19:57 AABox24 .mp3 file 1:19:50 32.0 MB 2: AudioCD Address 28:14 .mp3 file 28:15 11.3 MB","13"
"304029","157912","Originals or Copies Note","01:11:52||00:18:09||01:29:19||01:30:02","Least Diff: 00:00:43","Greatest Diff: 01:11:53","All close: No","< 20 sec diff: No","4","Data Files on CD and HD(ib) AudioCD (x2) (71:52; 18:09) Cass90 1:29:19 AABox24 .mp3 file 1:30:02 36.1 MB","13"
"303980","157905","Originals or Copies Note","00:47:52||00:44:59||00:31:09||00:22:38","Least Diff: 00:02:53","Greatest Diff: 00:25:14","All close: No","< 20 sec diff: No","4","Data files on CD and HD 1: AudioCD 47:52 Cass90 44:59 AABox25 .mp3 file 47:52 19.2 MB 2: AudioCD 31:09 Cass unknown .mp3 file 22:38 9.07 MB","13"
"303952","157901","Originals or Copies Note","00:39:14||00:48:03||01:27:21||01:27:33","Least Diff: 00:00:12","Greatest Diff: 00:48:19","All close: No","< 20 sec diff: No","4","Data files on CD and HD AudioCDx2 39:14, 48:03 Cass90 1:27:21 AABox25 .mp3 file 1:27:33 35.1 MB","13"
"303938","157899","Originals or Copies Note","00:54:11||00:54:15||00:54:12","Least Diff: 00:00:01","Greatest Diff: 00:00:04","All close: Yes","< 20 sec diff: Yes","3","Data files on CD and HD AudioCD 54:11 Cass60 54:15 AABox25 .mp3 file 54:12 21.7 MB","13"
"303870","157888","Originals or Copies Note","00:53:58||00:54:01||00:58:53","Least Diff: 00:00:03","Greatest Diff: 00:04:55","All close: No","< 20 sec diff: No","3","Data files on CD and HD AudioCD 53:58 Cass60 54:01 AAB0x25 .mp3 file 58:53 21.6MB","13"
"303849","157885","Originals or Copies Note","01:06:09||00:33:42||01:06:12||00:33:45||01:39:52","Least Diff: 00:00:03","Greatest Diff: 01:06:10","All close: No","< 20 sec diff: No","5","Data files on CD and HD AudioCD x2: 1:06:09, 33:42 Cass90, Cass60; 1:06:12 33:45; AABox25 .mp3 file 1:39:52 40.0MB","13"
"303803","157879","Originals or Copies Note","01:00:37||01:00:40||01:00:36","Least Diff: 00:00:01","Greatest Diff: 00:00:04","All close: Yes","< 20 sec diff: Yes","3","Data files on CD and HD AudioCD 1:00:37 Cass90 1:00:40 AABox25 .mp3 file 1:00:36 24.2 MB","13"
"303789","157877","Originals or Copies Note","00:55:45||00:55:50||00:55:46","Least Diff: 00:00:01","Greatest Diff: 00:00:05","All close: Yes","< 20 sec diff: Yes","3","Data files on CD and HD AudioCD 55:45 Cass60 55:50 AABox26 .mp3 file 55:46 22.3MB","13"
"303782","157876","Originals or Copies Note","01:01:42||01:01:46||01:01:43","Least Diff: 00:00:01","Greatest Diff: 00:00:04","All close: Yes","< 20 sec diff: Yes","3","Data files on CD and HD AudioCD 1:01:42 Cass90 1:01:46 AABox26 .mp3 file 1:01:43 24.7MB","13"
"303753","157872","Originals or Copies Note","00:58:54||00:53:40||00:23:14","Least Diff: 00:05:14","Greatest Diff: 00:35:40","All close: No","< 20 sec diff: No","3","Data Files on CD and HD AudioCD 58:54 1: Cass60 53:40 .mp3 file 58:54 23.6MB 2: Cass60 23:14 AABox26 .mp3 file 23:14 9.31MB","13"
"303746","157871","Originals or Copies Note","01:12:10||00:31:50||01:44:03||01:44:00","Least Diff: 00:00:03","Greatest Diff: 01:12:13","All close: No","< 20 sec diff: No","4","Data Files on CD and HD AudioCD(x2) (1:12:10, 31:50) Cass90(x2) 1:44:03 AABox26 .mp3 file: 1:44:00 41.7 MB","13"
"303732","157869","Originals or Copies Note","01:06:47||00:20:00||01:28:51||01:26:47","Least Diff: 00:02:04","Greatest Diff: 01:08:51","All close: No","< 20 sec diff: No","4","Data files on CD and HD AudioCD x2 (1:06:47, 20:00) Cass90 1:28:51 AABox26 .mp3 file: 1:26:47 34.8 MB","13"
"303704","157865","Originals or Copies Note","01:31:19||00:58:58||00:31:17||01:31:16","Least Diff: 00:00:03","Greatest Diff: 01:00:02","All close: No","< 20 sec diff: No","4","Data Files on CD x2 and HD(ib) Cass90 1:31:19 AudioCDx2 (58:58, 31:17) AABox26 .mp3 file: 1:31:16 36.6 MB","13"
"303696","157864","Originals or Copies Note","00:58:40||00:56:55","Least Diff: 00:01:45","Greatest Diff: 00:01:45","All close: ---","< 20 sec diff: No","2","Data Files on CD and HD AudioCD 58:40 Cass60 56:55 AABox26 .mp3 file: 58:40 23.5 MB","13"
"303576","157846","Originals or Copies Note","00:50:45||00:51:47","Least Diff: 00:01:02","Greatest Diff: 00:01:02","All close: ---","< 20 sec diff: No","2","Data Files on CD and HD AudioCD 50:45 MC60 51:47 AABox26 .mp3 file: 50:45 20.3 MB","13"
"303568","157845","Originals or Copies Note","01:02:24||01:01:33","Least Diff: 00:00:51","Greatest Diff: 00:00:51","All close: ---","< 20 sec diff: No","2","Data Files on CD and HD AudioCD 1:02:24 .mp3 file: 1:01:33 56.4 MB","13"
"303552","157843","Originals or Copies Note","00:48:55||00:39:25","Least Diff: 00:09:30","Greatest Diff: 00:09:30","All close: ---","< 20 sec diff: No","2","Data Files in Computer AudioCD x 2 1: mp3 file: 48:55 44.8 MB 2: mp3 file: 39:25 36.1 MB","13"
"303510","157837","Originals or Copies Note","00:56:23||00:56:26||00:56:24","Least Diff: 00:00:01","Greatest Diff: 00:00:03","All close: Yes","< 20 sec diff: Yes","3","Data Files On CD and HD AudioCD 56:23 Cass60 56:26 AABox27 .mp3 file: 56:24 22.6 MB","13"
"303503","157836","Originals or Copies Note","01:00:49||01:00:52||01:00:50","Least Diff: 00:00:01","Greatest Diff: 00:00:03","All close: Yes","< 20 sec diff: Yes","3","Data Files On CD and HD AudioCD 1:00:49 Cass90 1:00:52 AABox27 .mp3 file: 1:00:50 24.4 MB","13"
"303461","157830","Originals or Copies Note","00:50:37||00:50:40||00:50:38","Least Diff: 00:00:01","Greatest Diff: 00:00:03","All close: Yes","< 20 sec diff: Yes","3","Data Files On CD and HD AudioCD 50:37 Cass60 50:40 AABox27 .mp2 file: 50:38 20.3 MB","13"
"303454","157829","Originals or Copies Note","00:58:45||00:58:47||00:58:43","Least Diff: 00:00:02","Greatest Diff: 00:00:04","All close: Yes","< 20 sec diff: Yes","3","Data Files On CD and HD AudioCD 58:45 Cass60 58:47 AABox27 .mp3 file: 58:43 23.5 MB","13"
"303446","157828","Originals or Copies Note","01:04:36||01:04:39||00:26:00","Least Diff: 00:00:03","Greatest Diff: 00:38:39","All close: No","< 20 sec diff: No","3","Data Files On CD and HD AudioCD 1:04:36 1: Cass90 1:04:39 2: Cass60 26:00 AABox27 1: .mp3 file: 1:04:36 25.9 MB 2: .mp3 file: 26:00 10.4 MB","13"
"303439","157827","Originals or Copies Note","01:08:02||00:19:18||01:26:05||01:27:20","Least Diff: 00:01:15","Greatest Diff: 01:08:02","All close: No","< 20 sec diff: No","4","Data Files on CD and HD AudioCDx2 1:08:02, 19:18 Cass90 1:26:05 AABox27 .mp3 files; 1:27:20 35.0 MB","13"
"303432","157826","Originals or Copies Note","00:53:51||00:28:42||01:22:40||01:22:37","Least Diff: 00:00:03","Greatest Diff: 00:53:58","All close: No","< 20 sec diff: No","4","Data Files on CD and HD AudioCDx2 53:51, 28:42 Cass90 1:22:40 AABox27 .mp3 file: 1:22:37 33.1 MB","13"
"303420","157824","Originals or Copies Note","00:56:34||00:29:51||01:25:51||01:25:50","Least Diff: 00:00:01","Greatest Diff: 00:56:00","All close: No","< 20 sec diff: No","4","Data Files on CD and HD AudioCDx2 56:34, 29:51 MC90 1:25:51 AABox27 .mp3 file: 1:25:50 34.4 MB","13"
"303412","157823","Originals or Copies Note","01:11:28||01:08:42||01:10:41||00:31:01","Least Diff: 00:00:47","Greatest Diff: 00:40:27","All close: No","< 20 sec diff: No","4","Data Files on CD and HD 1: AudioCD: 1:11:28 1: Cass90 1:08:42 AABox27 1: .mp3 file: 1:10:41 28.3 MB 2: .mp3 file: 31:01 12.4 MB","13"
"303406","157822","Originals or Copies Note","00:07:26||01:10:45||01:10:41","Least Diff: 00:00:04","Greatest Diff: 01:03:19","All close: No","< 20 sec diff: No","3","Data Files on CD and HD AudioCD Hymn Special 7:26 Cass90 1:10:45 AABox27 .mp3 file 1:10:4128.3 MB","13"
"303386","157819","Originals or Copies Note","00:53:38||00:53:40||00:03:37","Least Diff: 00:00:02","Greatest Diff: 00:50:03","All close: No","< 20 sec diff: No","3","Data Files on CD and HD ArchPack AudioCD 53:38 Cass60 53:40 AABox27 .mp3 file 3:37 21.4mB","13"
"303379","157818","Originals or Copies Note","00:54:24||00:56:21","Least Diff: 00:01:57","Greatest Diff: 00:01:57","All close: ---","< 20 sec diff: No","2","Data files on CD.and HD ArchPack AudioCD 54:24 .mp3 file 56:21 22.5mB","13"
"303344","157813","Originals or Copies Note","01:07:51||01:07:49||01:07:50","Least Diff: 00:00:01","Greatest Diff: 00:00:02","All close: Yes","< 20 sec diff: Yes","3","Data files on CD and HD ArchPack Cass90 1:07:51 AABox27 AudioCD 1:07:49 .mp3file 1:07:50 27.1mB","13"
"303265","157801","Originals or Copies Note","01:01:10||01:03:02","Least Diff: 00:01:52","Greatest Diff: 00:01:52","All close: ---","< 20 sec diff: No","2","Data files on CD and HD ArchPack AudioCD 1:01:10 .mp3 file 1:03:02 24.5mB","13"
"303209","157793","Originals or Copies Note","01:08:02||00:29:39","Least Diff: 00:38:23","Greatest Diff: 00:38:23","All close: ---","< 20 sec diff: No","2","Data Files on CD and HD ArchPack AudioCD 1:08:02 .mp3 files: 1: 1:08:02 27.2mB 2: 29:39 11.8mB","13"
"303202","157792","Originals or Copies Note","01:11:59||00:14:34||00:17:45||00:16:26||00:12:51||00:10:25","Least Diff: 00:01:19","Greatest Diff: 01:01:34","All close: No","< 20 sec diff: No","6","Original AudioCDx2 'Backup' Data Files on CD(x3) and HD No audio CD .mp3 files: 0: 1:11:59 28.8mB 1: 14:34 5.83mB 2: 17:45 7.11mB 3: 16:26 6.58mB 4: 12:51 5.15mB 5: 10:25 4.17mB","13"
"303173","157788","Originals or Copies Note","01:09:24||01:09:25||00:29:08","Least Diff: 00:00:01","Greatest Diff: 00:40:17","All close: No","< 20 sec diff: No","3","Data Files on CD and HD AudioCD 1:09:24 .mp3 files: 1: 1:09:25 27.8mB 2: 29:08 11.6mB","13"
"303158","157786","Originals or Copies Note","00:56:28||00:09:26||00:14:09||00:15:43","Least Diff: 00:01:34","Greatest Diff: 00:47:02","All close: No","< 20 sec diff: No","4","Data Files CD and HD .mp3 files: 1: 56:28 22.6mB 2: 9:26 3.78mB 3: 17.09 6.87mb 4: 14:09 5.67mB 5: 15:43 6.29Mb","13"
"303143","157784","Originals or Copies Note","00:53:44||00:31:13","Least Diff: 00:22:31","Greatest Diff: 00:22:31","All close: ---","< 20 sec diff: No","2","Data Files on CD and HD ArchPack .mp3 files: 1: 53:44 21.5mB 2: 31:13 12.5mB Audio CD 53:44","13"
"303049","157770","Originals or Copies Note","00:28:52||00:58:52","Least Diff: 00:30:00","Greatest Diff: 00:30:00","All close: ---","< 20 sec diff: No","2","Data Files on CD and HD .mp3 file 28:52 23.5mB AudioCD 58:52","13"
"302960","157757","Originals or Copies Note","00:55:34||00:54:59","Least Diff: 00:00:35","Greatest Diff: 00:00:35","All close: ---","< 20 sec diff: No","2","Data Files on CD and HD ArchPack .mp3 file 54:94 22.0mB AudioCD 54:59","13"
"302952","157756","Originals or Copies Note","01:02:48||00:40:41||01:43:05||00:33:06","Least Diff: 00:07:35","Greatest Diff: 01:09:59","All close: No","< 20 sec diff: No","4","Data Files on CD and HD ArchPack AudioCDx2 1:02:48, 40:41 .mp3 files: 1: 1:43:05 41.2mB 2: 33:06 13.2mB","13"
"302944","157755","Originals or Copies Note","01:23:19||00:13:25||00:18:22||00:26:54||05:12:53||00:11:43","Least Diff: 00:01:42","Greatest Diff: 05:01:10","All close: No","< 20 sec diff: No","6","Data files on CD and HD ArchPack 1: 1:23:19 33.3mB 2: 13:25 5.37mB 3: 18:22 7.36mB 4: 26:54 10.7mB 5:12:53 5.16mB 6: 11:43 4.69mB","13"
"302929","157753","Originals or Copies Note","01:24:26||00:22:02||00:23:08||00:39:15||05:36:24","Least Diff: 00:01:06","Greatest Diff: 05:14:22","All close: No","< 20 sec diff: No","5","*DAT Original Data Files on CD and HD ArchPack .mp3 files: 1: 1:24:26 33.8mB 2: 22:02 8.83mB 3: 23:08 9.27mB 4: 39:15 15.7mB 5:36:24 14.5mB","13"
"302914","157751","Originals or Copies Note","00:54:45||00:08:45||00:21:44||00:12:42||00:11:36","Least Diff: 00:01:06","Greatest Diff: 00:46:00","All close: No","< 20 sec diff: No","5","Data Files on CD and HD AudioCD 54:45 .mp3 files: 0: 54:45 21.9mB 1: 8:45 3.50mB 2: 21:44 8.70mB 3: 12:42 5.09mB 4: 11:36 4.65mB","13"
"302906","157750","Originals or Copies Note","00:49:34||00:19:48","Least Diff: 00:29:46","Greatest Diff: 00:29:46","All close: ---","< 20 sec diff: No","2","Data Files on CD and HD ArchPack AudioCD 49:34 .mp3 files: 1: 49:34 19.8mB 2: 19:48 7.93mB","13"
"302891","157748","Originals or Copies Note","00:36:31||00:27:27||00:26:25","Least Diff: 00:01:02","Greatest Diff: 00:10:06","All close: No","< 20 sec diff: No","3","Data Files on CD and HD Arch Pack .mp3 files edited for cassette sides A: 36:31 14.6mB B: 27:27 10.9mB C: 26:25 10.5mB","13"
"302778","157731","Originals or Copies Note","00:56:21||00:55:35","Least Diff: 00:00:46","Greatest Diff: 00:00:46","All close: ---","< 20 sec diff: No","2","Data Files on HD ArchPack AudioCD 56:21 .mp3 55:35 22.3mB","13"
"302757","157728","Originals or Copies Note","00:55:55||00:56:55","Least Diff: 00:01:00","Greatest Diff: 00:01:00","All close: ---","< 20 sec diff: No","2","Data Files on HD ArchPack AudioCD 55:55 .mp3 56:55 22.8mB","13"
"302750","157727","Originals or Copies Note","01:11:55||01:11:13","Least Diff: 00:00:42","Greatest Diff: 00:00:42","All close: ---","< 20 sec diff: No","2","Data Files on HD ArchPack AudioCD 1:11:55 .mp3 1:11:13 28.5mB","13"
"302721","157723","Originals or Copies Note","00:48:43||00:48:42||00:38:43","Least Diff: 00:00:01","Greatest Diff: 00:10:00","All close: No","< 20 sec diff: No","3","Data Files on HD ArchPack 1: AudioCD 48:43 .mp3 48:42 19.5mB 2: AudioCD 38:43 .mp3 38:43 15.5mB","13"
"302707","157721","Originals or Copies Note","00:54:13||00:45:12","Least Diff: 00:09:01","Greatest Diff: 00:09:01","All close: ---","< 20 sec diff: No","2","Data Files on HD ArchPack AudioCD 54:13 .mp3 45:12 21.7mB","13"
"302692","157719","Originals or Copies Note","01:19:26||01:20:06||00:29:00||00:29:02","Least Diff: 00:00:02","Greatest Diff: 00:51:06","All close: No","< 20 sec diff: No","4","Data files on HD ArchPack A: AudioCD 1:19:26 .mp3 1:20:06 30.0mB B: AudioCD 29:00 .mp3 29:02 11.6mB","13"
"302684","157718","Originals or Copies Note","01:17:20||01:17:19||00:11:51||00:20:48||00:29:39||00:15:03||00:09:23||00:12:47||00:15:43","Least Diff: 00:00:01","Greatest Diff: 01:07:57","All close: No","< 20 sec diff: No","9","Data files on HD ArchPack AudioCD 1:17:20 .mp3 1:17:19 30.9mB 1: .mp3 11:51 4.75mB 2: .mp3 20:48 8.33mB 3: .mp3 29:39 11.8mB 4: .mp3 15:03 6.02mB 1a: mp3 9:23 3.77 mB 3a: mp3 12:47 5.13 mB 3b: mp3 15:43 6.30 mB","13"
"302669","157716","Originals or Copies Note","01:03:18||00:31:53||01:35:24","Least Diff: 00:31:25","Greatest Diff: 01:03:31","All close: No","< 20 sec diff: No","3","Data Files on HD ArchPack AudioCD x2 A: 1:03:18 B: 31:53 .mp3 1:35:24 38.2mB","13"
"302661","157715","Originals or Copies Note","01:19:30||00:39:33","Least Diff: 00:39:57","Greatest Diff: 00:39:57","All close: ---","< 20 sec diff: No","2","Data Files on HD ArchPack 1: AudioCD 1:19:30 .mp3 1:19:30 31.8mB 2: AudioCD 39:33 .mp3 39:33 15.8mB","13"
"302653","157714","Originals or Copies Note","01:01:28||01:01:27||00:14:47","Least Diff: 00:00:01","Greatest Diff: 00:46:41","All close: No","< 20 sec diff: No","3","Data Files on HD ArchPack 1: AudioCD 1:01:28 .mp3 1:01:27 24.6mB 2: AudioCD 14:47 .mp3 14:47 5.92mB","13"
"302645","157713","Originals or Copies Note","00:17:54||00:50:16","Least Diff: 00:32:22","Greatest Diff: 00:32:22","All close: ---","< 20 sec diff: No","2","Data Files on HD ArchPack .mp3 files: 17:54 7.17mB AudioCD 50:16*","13"
"302637","157712","Originals or Copies Note","00:32:21||00:50:16","Least Diff: 00:17:55","Greatest Diff: 00:17:55","All close: ---","< 20 sec diff: No","2","Data Files on HD ArchPack .mp3 files: 32:2112.9mb AudioCD 50:16*","13"
"302629","157711","Originals or Copies Note","01:00:05||00:32:40","Least Diff: 00:27:25","Greatest Diff: 00:27:25","All close: ---","< 20 sec diff: No","2","Data Files on HD ArchPack .mp3 files: 1: 1:00:05 24.0mB 2: 32:40 13.0mB AudioCD 1:00:05","13"
"302460","157686","Originals or Copies Note","01:00:11||01:01:11","Least Diff: 00:01:00","Greatest Diff: 00:01:00","All close: ---","< 20 sec diff: No","2","Data Files on HD .mp3 file 1:00:11 AudioCD 1:01:11","13"
"302448","157684","Originals or Copies Note","00:59:53||00:58:10","Least Diff: 00:01:43","Greatest Diff: 00:01:43","All close: ---","< 20 sec diff: No","2","Data Files on HD ArchPack .mp3 file 59:53 AudioCD 58:10","13"
"302396","157677","Originals or Copies Note","01:20:43||00:38:27||01:19:52||00:38:28","Least Diff: 00:00:01","Greatest Diff: 00:42:16","All close: No","< 20 sec diff: No","4","Data Files on HD ArchPack .mp3 files: 1: 1:20:43 2: 38:27 AudioCDs: 1: 1:19:52 2: 38:28","13"
"302388","157676","Originals or Copies Note","01:19:41||00:13:32||00:13:06||00:27:11||00:25:49","Least Diff: 00:00:26","Greatest Diff: 01:06:35","All close: No","< 20 sec diff: No","5","Data Files on HD ArchHPack .mp3 files: all: 1:19:41 pt1: 13:32 pt2: 13:06 pt3: 27:11 pt4: 25:49 AudioCD 1:19:41","13"
"302373","157674","Originals or Copies Note","01:41:34||00:29:52||00:24:30||00:47:06||00:54:23","Least Diff: 00:05:22","Greatest Diff: 01:17:04","All close: No","< 20 sec diff: No","5","Data Files on HD ArchPack .mp3 files: all: 1:41:34 a: 29:52 b: 24:30 c: 47:06 2x AudioCD 54:23, 47:06","13"
"302358","157672","Originals or Copies Note","00:09:46||00:08:03","Least Diff: 00:01:43","Greatest Diff: 00:01:43","All close: ---","< 20 sec diff: No","2","Data Files on HD ArchPack 1: .mp3 file 9:46 2: .mp3 file 8:03","13"
"302336","157669","Originals or Copies Note","00:43:39||00:31:31||00:21:26","Least Diff: 00:10:05","Greatest Diff: 00:22:13","All close: No","< 20 sec diff: No","3","Data Files on HD ArchPack AudioCD 43:39 1: .mp3 file 31:31 12.6MB 2: .mp3 file 21:26 8.59MB","13"
"302321","157667","Originals or Copies Note","01:33:24||00:31:17||00:25:54||00:58:44||00:34:41","Least Diff: 00:03:24","Greatest Diff: 01:07:30","All close: No","< 20 sec diff: No","5","Data Files on HD ArchPack .mp3files: a: 1:33:2437.4 MB b: 31:17 - 12.5 MB c: 25:54 - 10.4 MB AudioCD 58:44, 34:41","13"
"302129","157638","Originals or Copies Note","01:01:47||00:22:30||01:01:48","Least Diff: 00:00:01","Greatest Diff: 00:39:18","All close: No","< 20 sec diff: No","3","Data files on HD .mp3 files: 1: 1:01:47 2: 22:30 AudioCD ? 1:01:48","13"
"302121","157637","Originals or Copies Note","01:56:46||00:59:00||00:08:57||00:13:19||00:23:08||00:13:35","Least Diff: 00:00:16","Greatest Diff: 01:47:49","All close: No","< 20 sec diff: No","6","Data files on HD .mp3 files: 1: 1:56:46 2: 59:00 3: 8:57 4: 13:19 5: 23:08 6: 13:35 AudioCD tracks marked in mix","13"
"302099","157634","Originals or Copies Note","01:02:11||00:43:02","Least Diff: 00:19:09","Greatest Diff: 00:19:09","All close: ---","< 20 sec diff: No","2","Data files on HD ArchPack .mp3 files: 1: 1:02:11 1: AudioCD 1:02:11 2: 43:02","13"
"302063","157629","Originals or Copies Note","00:47:00||01:04:29||00:46:59","Least Diff: 00:00:01","Greatest Diff: 00:17:30","All close: No","< 20 sec diff: No","3","Data files on HD ArchPack 1: AudioCD 47:00 1: .mp3 file 1:04:29 2: .mp3 file 46:59","13"
"301918","157607","Originals or Copies Note","00:50:31||00:21:21","Least Diff: 00:29:10","Greatest Diff: 00:29:10","All close: ---","< 20 sec diff: No","2","Data files on HD ArchPack .mp3 file 50:31 a: .mp3 file 21:21","13"
"301910","157606","Originals or Copies Note","00:55:12||00:09:50||00:15:27||00:18:52||00:11:03","Least Diff: 00:01:13","Greatest Diff: 00:45:22","All close: No","< 20 sec diff: No","5","Data files on HD ArchPack 0: .mp3 file 55:12 1: .mp3 file 9:50 2: .mp3 file 15:27 3: .mp3 file 18:52 4: .mp3 file 11:03","13"
"301895","157604","Originals or Copies Note","01:15:10||00:26:58","Least Diff: 00:48:12","Greatest Diff: 00:48:12","All close: ---","< 20 sec diff: No","2","Data files on HD ArchPack a: .mp3 file 1:15:10 b: .mp3 file 26:58","13"
"301887","157603","Originals or Copies Note","01:12:46||00:14:14","Least Diff: 00:58:32","Greatest Diff: 00:58:32","All close: ---","< 20 sec diff: No","2","Data files on HD ArchPack a: .mp3 file 1:12:46 b: .mp3 file 14:14","13"
"301871","157601","Originals or Copies Note","00:35:05||00:20:47","Least Diff: 00:14:18","Greatest Diff: 00:14:18","All close: ---","< 20 sec diff: No","2","Data files on HD ArchPack a: .mp3 file 35:05 b: .mp3 file 20:47","13"
"301679","157573","Originals or Copies Note","00:41:55||00:19:14","Least Diff: 00:22:41","Greatest Diff: 00:22:41","All close: ---","< 20 sec diff: No","2","Data files on HD ArchPack 1: .mp3 file 41:55, 16.7mb 2: .mp3 file 19:14, 7.0mb","13"
"301671","157572","Originals or Copies Note","01:19:40||00:26:59||00:41:12||00:11:27","Least Diff: 00:14:13","Greatest Diff: 01:08:13","All close: No","< 20 sec diff: No","4","Data files on HD ArchPack 1: .mp3 file, 1:19:40, 31.9mB) 2: .mp3 file 26:59, 10.8mB, 3: .mp3 file, 41:12, 16.5mB 4: .mp3 file, 11:27, 4.59mB","13"
"301656","157570","Originals or Copies Note","01:19:48||00:29:50","Least Diff: 00:49:58","Greatest Diff: 00:49:58","All close: ---","< 20 sec diff: No","2","Data files on HD ArchPack 1: .mp3 file, 1:19:48, 31.9mB 2: .mp3 file, 29:50, 11.9mB","13"
"305869","158271","Originals or Copies Note","00:56:32||00:56:00","Least Diff: 00:00:32","Greatest Diff: 00:00:32","All close: ---","< 20 sec diff: No","2","S-VHS Orig 56 min; VHSem 56:32; 95/6b","8"
"305918","158281","Originals or Copies Note","00:55:30||00:55:00","Least Diff: 00:00:30","Greatest Diff: 00:00:30","All close: ---","< 20 sec diff: No","2","S-VHS Orig 55m VHS em 55:30 95/6a","8"
"305924","158282","Originals or Copies Note","01:03:16||01:03:19||01:10:00","Least Diff: 00:00:03","Greatest Diff: 00:06:44","All close: No","< 20 sec diff: No","3","S-VHS Orig 1h 10m S-VHSemv1 1:03:16 S-VHSemv2 1:03:19 95/6a","8"
"305935","158284","Originals or Copies Note","01:55:33||01:55:00","Least Diff: 00:00:33","Greatest Diff: 00:00:33","All close: ---","< 20 sec diff: No","2","S-VHS Orig 1h 55m S-VHSem 1:55:33 95/6a","8"
"305940","158285","Originals or Copies Note","00:58:54||00:58:00","Least Diff: 00:00:54","Greatest Diff: 00:00:54","All close: ---","< 20 sec diff: No","2","S-VHS Orig 58min VHS em 58:54 95/6a","8"
"305958","158288","Originals or Copies Note","00:45:02||00:46:00","Least Diff: 00:00:58","Greatest Diff: 00:00:58","All close: ---","< 20 sec diff: No","2","S-VHS orig 46min VHS em 45:02 95/6a","8"
"305964","158289","Originals or Copies Note","01:08:01||01:07:00","Least Diff: 00:01:01","Greatest Diff: 00:01:01","All close: ---","< 20 sec diff: No","2","S-VHS Orig 1h 7m VHS em 1:08:01 95/6a","8"
"305970","158290","Originals or Copies Note","01:27:07||01:26:00","Least Diff: 00:01:07","Greatest Diff: 00:01:07","All close: ---","< 20 sec diff: No","2","S-VHS Orig 1h 26m S-VHS em 1:27:07 95/6a","8"
"305976","158291","Originals or Copies Note","00:48:36||01:06:00","Least Diff: 00:17:24","Greatest Diff: 00:17:24","All close: ---","< 20 sec diff: No","2","S-VHS Orig 1h 6m S-VHS em 48:36 95/6 a","8"
"305987","158293","Originals or Copies Note","01:38:00||01:27:50||01:29:00","Least Diff: 00:01:10","Greatest Diff: 00:10:10","All close: No","< 20 sec diff: No","3","1:S-VHS Org 1:38 2:S-VHS Org 1h29m VHS st cpy em 1:27:50 'G.A.P.' em 94/5d","8"
"305997","158295","Originals or Copies Note","00:06:08||00:30:40||01:07:00||01:31:00||01:40:00","Least Diff: 00:09:00","Greatest Diff: 01:33:52","All close: No","< 20 sec diff: No","5","1: S-VHS Orig; 1hr 7min 2: S-VHS A roll; VHS B roll; 1hr 31min 2a: S-VHS em 6:08 4: S-VHS Orig; 1hr 40min 8: S-VHS Orig; S-VHS em 30:40 94/5d","8"
"306000","158295","Originals or Copies Note","01:00:00||01:25:05||00:02:40||01:20:04||01:27:56||01:30:08||01:21:23||00:53:00","Least Diff: 00:01:19","Greatest Diff: 01:27:28","All close: No","< 20 sec diff: No","8","1: CD90 1:00:00 2: CD90 1:25:05 2b: EM (2:40) 3: CD90 1:20:04 4: CD90 1:27:56 Edited for time 5: 2xCass Orig; CD90 53min 6: CD90 1:30:08 7: CD90 1:21:23 AABox08","13"
"306006","158296","Originals or Copies Note","00:57:59||00:11:36||00:18:34||00:30:02||01:11:40","Least Diff: 00:06:58","Greatest Diff: 01:00:04","All close: No","< 20 sec diff: No","5","1: EM 57:59 C90 2: EM 11:36 C60 3: EM 18:34 C60 4: CD 30:02 C60 5: CD90 1:11:40 AABox08","13"
"306013","158298","Originals or Copies Note","01:22:38||00:44:27||01:24:00","Least Diff: 00:01:22","Greatest Diff: 00:39:33","All close: No","< 20 sec diff: No","3","S-VHS Original; 1hr 24min 1: S-VHS em 1:22:38 3: S-VHS em 44:27 94/5d","8"
"306016","158298","Originals or Copies Note","01:26:04||00:57:51||00:43:52","Least Diff: 00:13:59","Greatest Diff: 00:42:12","All close: No","< 20 sec diff: No","3","1: CD90 1:26:04 2: EM90 57:51 3: CD90 43:52 AABox07","13"
"306049","158304","Originals or Copies Note","00:40:01||01:49:52","Least Diff: 01:09:51","Greatest Diff: 01:09:51","All close: ---","< 20 sec diff: No","2","1:S-VHS original; S-VHS em 40:01 2:S-VHS original; S-VHS HiFi st em 1:49:52 94/5c","8"
"306055","158305","Originals or Copies Note","01:48:42||00:52:32||02:38:52","Least Diff: 00:50:10","Greatest Diff: 01:46:20","All close: No","< 20 sec diff: No","3","S-VHS Orig x2 S-VHS em x2: 1:48:42, 52:32 VHS expg 2:38:52 94/5 c","8"
"306058","158305","Originals or Copies Note","01:20:27||01:19:27||01:20:03","Least Diff: 00:00:24","Greatest Diff: 00:01:00","All close: No","< 20 sec diff: No","3","Orig 90x2; CD 90x2 (standard); 1:20:27, 1:19:27; CD 90x2 (expurgated); 1:20:27, 1:20:03 AABox07","13"
"306166","158325","Originals or Copies Note","01:02:39||00:11:36","Least Diff: 00:51:03","Greatest Diff: 00:51:03","All close: ---","< 20 sec diff: No","2","S-VHS original S-VHS em: Prsn'tn 1:02:39; Q&A(aud) 11:36) 94/5b","8"
"306241","158339","Originals or Copies Note","00:53:18||00:53:06||02:02:00","Least Diff: 00:00:12","Greatest Diff: 01:08:54","All close: No","< 20 sec diff: No","3","Convocation S-VHS orig VHS em (53:18) S-VHSem(v.2) (53:06) Discussion VHS orig ~2:02:00 94/5a","8"
"306244","158339","Originals or Copies Note","00:54:56||02:02:23","Least Diff: 01:07:27","Greatest Diff: 01:07:27","All close: ---","< 20 sec diff: No","2","1: CD60 54:56 2: 2:02:23 CD90x2 AABox06","13"
"306253","158341","Originals or Copies Note","00:58:00||00:26:41","Least Diff: 00:31:19","Greatest Diff: 00:31:19","All close: ---","< 20 sec diff: No","2","S-VHS a-roll orig VHS b-roll orig Convocation: S-VHS em (58:00) Address: S-VHS em (26:41) S-VHS copy VHS(a) copy 94/5a","8"
"306256","158341","Originals or Copies Note","00:25:52||01:02:50","Least Diff: 00:36:58","Greatest Diff: 00:36:58","All close: ---","< 20 sec diff: No","2","1: CD60 25:52 2: CD90 1:02:50 AABox06","13"
"306308","158352","Originals or Copies Note","01:18:22||00:37:36","Least Diff: 00:40:46","Greatest Diff: 00:40:46","All close: ---","< 20 sec diff: No","2","S-VHS orig a-roll VHS orig b-roll Convocation: S-VHS em (1:18:22) VHS(a) copy VHS copy Report: S-VHS em (37:36) 93/4d","8"
"306311","158352","Originals or Copies Note","01:17:50||00:36:52","Least Diff: 00:40:58","Greatest Diff: 00:40:58","All close: ---","< 20 sec diff: No","2","1: CD90 1:17:50 2: CD90 36:52 All AABox05","13"
"306349","158359","Originals or Copies Note","01:23:50||00:14:40","Least Diff: 01:09:10","Greatest Diff: 01:09:10","All close: ---","< 20 sec diff: No","2","1: CD90 1:23:50 2: CD60 14:40 AABox05","13"
"306361","158361","Originals or Copies Note","01:10:15||00:32:05","Least Diff: 00:38:10","Greatest Diff: 00:38:10","All close: ---","< 20 sec diff: No","2","1: CD90 1:10:15 2: CD9000 32:05 AABox05","13"
"306430","158372","Originals or Copies Note","00:42:38||01:38:00","Least Diff: 00:55:22","Greatest Diff: 00:55:22","All close: ---","< 20 sec diff: No","2","VHS orig (two tapes) Lecture: VHS em (42:38) Concert VHS em (1:38:00) 93/4c","8"
"306458","158377","Originals or Copies Note","00:55:55||00:52:33","Least Diff: 00:03:22","Greatest Diff: 00:03:22","All close: ---","< 20 sec diff: No","2","VHS orig VHS em (long) (55:55) VHS em (b'cst); (52:33) 93/4b","8"
"306572","158396","Originals or Copies Note","00:53:06||00:32:09","Least Diff: 00:20:57","Greatest Diff: 00:20:57","All close: ---","< 20 sec diff: No","2","Beta original VHS dub of Beta Convocation: VHS em (53:06) Address only: VHS em (32:09) 93/4a","8"
"306842","158451","Originals or Copies Note","00:12:40||00:06:40||00:11:44","Least Diff: 00:00:56","Greatest Diff: 00:06:00","All close: No","< 20 sec diff: No","3","1: CD90 2: CD60 12:40 3: CD60 6:40 4: CD60 11:44 AABox01","13"
